<?xml version="1.0" encoding="UTF-8"?>
<gpx version="1.0"
	creator="Sergei's Novatek MP4 GPS parser"
	xmlns:xsi="http://www.w3.org/2001/XMLSchema-instance"
	xmlns="http://www.topografix.com/GPX/1/0"
	xsi:schemaLocation="http://www.topografix.com/GPX/1/0 http://www.topografix.com/GPX/1/0/gpx.xsd">
	<name>2025_0520_125814_F.gpx</name>
	<url>sergei.nz</url>
	<trk><name>2025_0520_125814_F.gpx</name><trkseg>
		<trkpt lat="47.567920" lon="-122.322542"><time>2025-05-20T19:58:16Z</time><speed>0.437277</speed><course>334.380005</course></trkpt>
		<trkpt lat="47.567912" lon="-122.322526"><time>2025-05-20T19:58:17Z</time><speed>0.061733</speed><course>11.900000</course></trkpt>
		<trkpt lat="47.567912" lon="-122.322542"><time>2025-05-20T19:58:18Z</time><speed>0.061733</speed><course>153.479996</course></trkpt>
		<trkpt lat="47.567904" lon="-122.322526"><time>2025-05-20T19:58:19Z</time><speed>0.092600</speed><course>336.970001</course></trkpt>
		<trkpt lat="47.567912" lon="-122.322526"><time>2025-05-20T19:58:20Z</time><speed>0.087455</speed><course>174.199997</course></trkpt>
		<trkpt lat="47.567912" lon="-122.322542"><time>2025-05-20T19:58:21Z</time><speed>0.205778</speed><course>15.990000</course></trkpt>
		<trkpt lat="47.567936" lon="-122.322559"><time>2025-05-20T19:58:22Z</time><speed>0.030867</speed><course>6.710000</course></trkpt>
		<trkpt lat="47.567928" lon="-122.322542"><time>2025-05-20T19:58:23Z</time><speed>0.046300</speed><course>47.779999</course></trkpt>
		<trkpt lat="47.567944" lon="-122.322542"><time>2025-05-20T19:58:24Z</time><speed>0.072022</speed><course>184.369995</course></trkpt>
		<trkpt lat="47.567944" lon="-122.322542"><time>2025-05-20T19:58:25Z</time><speed>0.061733</speed><course>329.859985</course></trkpt>
		<trkpt lat="47.567936" lon="-122.322526"><time>2025-05-20T19:58:26Z</time><speed>0.066878</speed><course>47.959999</course></trkpt>
		<trkpt lat="47.567920" lon="-122.322526"><time>2025-05-20T19:58:27Z</time><speed>0.056589</speed><course>302.019989</course></trkpt>
		<trkpt lat="47.567928" lon="-122.322510"><time>2025-05-20T19:58:28Z</time><speed>0.051444</speed><course>44.230000</course></trkpt>
		<trkpt lat="47.567928" lon="-122.322526"><time>2025-05-20T19:58:29Z</time><speed>0.015433</speed><course>356.450012</course></trkpt>
		<trkpt lat="47.567936" lon="-122.322526"><time>2025-05-20T19:58:30Z</time><speed>0.138900</speed><course>8.510000</course></trkpt>
		<trkpt lat="47.567896" lon="-122.322477"><time>2025-05-20T19:58:31Z</time><speed>0.010289</speed><course>238.960007</course></trkpt>
		<trkpt lat="47.567896" lon="-122.322477"><time>2025-05-20T19:58:32Z</time><speed>0.046300</speed><course>255.720001</course></trkpt>
		<trkpt lat="47.567887" lon="-122.322477"><time>2025-05-20T19:58:33Z</time><speed>0.025722</speed><course>274.709991</course></trkpt>
		<trkpt lat="47.567896" lon="-122.322493"><time>2025-05-20T19:58:34Z</time><speed>0.020578</speed><course>325.489990</course></trkpt>
		<trkpt lat="47.567896" lon="-122.322477"><time>2025-05-20T19:58:35Z</time><speed>0.102889</speed><course>55.930000</course></trkpt>
		<trkpt lat="47.567896" lon="-122.322477"><time>2025-05-20T19:58:36Z</time><speed>0.298378</speed><course>57.400002</course></trkpt>
		<trkpt lat="47.567896" lon="-122.322477"><time>2025-05-20T19:58:37Z</time><speed>1.064899</speed><course>58.040001</course></trkpt>
		<trkpt lat="47.567904" lon="-122.322461"><time>2025-05-20T19:58:38Z</time><speed>1.327265</speed><course>61.180000</course></trkpt>
		<trkpt lat="47.567912" lon="-122.322445"><time>2025-05-20T19:58:39Z</time><speed>1.466165</speed><course>64.879997</course></trkpt>
		<trkpt lat="47.567920" lon="-122.322428"><time>2025-05-20T19:58:40Z</time><speed>1.481599</speed><course>56.230000</course></trkpt>
		<trkpt lat="47.567928" lon="-122.322428"><time>2025-05-20T19:58:41Z</time><speed>1.049466</speed><course>33.509998</course></trkpt>
		<trkpt lat="47.567928" lon="-122.322412"><time>2025-05-20T19:58:42Z</time><speed>0.036011</speed><course>94.839996</course></trkpt>
		<trkpt lat="47.567928" lon="-122.322428"><time>2025-05-20T19:58:43Z</time><speed>1.147210</speed><course>182.080002</course></trkpt>
		<trkpt lat="47.567912" lon="-122.322428"><time>2025-05-20T19:58:44Z</time><speed>2.417887</speed><course>183.970001</course></trkpt>
		<trkpt lat="47.567887" lon="-122.322428"><time>2025-05-20T19:58:45Z</time><speed>2.814009</speed><course>191.309998</course></trkpt>
		<trkpt lat="47.567863" lon="-122.322445"><time>2025-05-20T19:58:46Z</time><speed>2.767709</speed><course>200.380005</course></trkpt>
		<trkpt lat="47.567847" lon="-122.322461"><time>2025-05-20T19:58:47Z</time><speed>2.649387</speed><course>210.589996</course></trkpt>
		<trkpt lat="47.567830" lon="-122.322477"><time>2025-05-20T19:58:48Z</time><speed>2.407598</speed><course>225.199997</course></trkpt>
		<trkpt lat="47.567814" lon="-122.322493"><time>2025-05-20T19:58:49Z</time><speed>2.165809</speed><course>233.660004</course></trkpt>
		<trkpt lat="47.567806" lon="-122.322526"><time>2025-05-20T19:58:50Z</time><speed>1.841709</speed><course>243.500000</course></trkpt>
		<trkpt lat="47.567806" lon="-122.322542"><time>2025-05-20T19:58:51Z</time><speed>1.733676</speed><course>263.720001</course></trkpt>
		<trkpt lat="47.567806" lon="-122.322575"><time>2025-05-20T19:58:52Z</time><speed>3.210130</speed><course>300.209991</course></trkpt>
		<trkpt lat="47.567839" lon="-122.322607"><time>2025-05-20T19:58:53Z</time><speed>4.897507</speed><course>339.179993</course></trkpt>
		<trkpt lat="47.567896" lon="-122.322624"><time>2025-05-20T19:58:54Z</time><speed>6.780372</speed><course>352.869995</course></trkpt>
		<trkpt lat="47.567969" lon="-122.322624"><time>2025-05-20T19:58:55Z</time><speed>8.956470</speed><course>357.269989</course></trkpt>
		<trkpt lat="47.568058" lon="-122.322640"><time>2025-05-20T19:58:56Z</time><speed>10.931935</speed><course>358.649994</course></trkpt>
		<trkpt lat="47.568164" lon="-122.322640"><time>2025-05-20T19:58:57Z</time><speed>12.444401</speed><course>358.510010</course></trkpt>
		<trkpt lat="47.568278" lon="-122.322640"><time>2025-05-20T19:58:58Z</time><speed>13.334389</speed><course>357.119995</course></trkpt>
		<trkpt lat="47.568408" lon="-122.322656"><time>2025-05-20T19:58:59Z</time><speed>13.843688</speed><course>356.390015</course></trkpt>
		<trkpt lat="47.568530" lon="-122.322656"><time>2025-05-20T19:59:00Z</time><speed>13.838543</speed><course>357.170013</course></trkpt>
		<trkpt lat="47.568660" lon="-122.322673"><time>2025-05-20T19:59:01Z</time><speed>13.797388</speed><course>358.190002</course></trkpt>
		<trkpt lat="47.568783" lon="-122.322673"><time>2025-05-20T19:59:02Z</time><speed>13.833399</speed><course>358.720001</course></trkpt>
		<trkpt lat="47.568913" lon="-122.322673"><time>2025-05-20T19:59:03Z</time><speed>13.663632</speed><course>359.190002</course></trkpt>
		<trkpt lat="47.569035" lon="-122.322673"><time>2025-05-20T19:59:04Z</time><speed>13.396122</speed><course>359.570007</course></trkpt>
		<trkpt lat="47.569157" lon="-122.322673"><time>2025-05-20T19:59:05Z</time><speed>13.571032</speed><course>359.220001</course></trkpt>
		<trkpt lat="47.569279" lon="-122.322689"><time>2025-05-20T19:59:06Z</time><speed>13.673921</speed><course>359.500000</course></trkpt>
		<trkpt lat="47.569409" lon="-122.322689"><time>2025-05-20T19:59:07Z</time><speed>14.018599</speed><course>359.559998</course></trkpt>
		<trkpt lat="47.569539" lon="-122.322689"><time>2025-05-20T19:59:08Z</time><speed>14.352987</speed><course>359.579987</course></trkpt>
		<trkpt lat="47.569670" lon="-122.322689"><time>2025-05-20T19:59:09Z</time><speed>14.800554</speed><course>0.080000</course></trkpt>
		<trkpt lat="47.569800" lon="-122.322673"><time>2025-05-20T19:59:10Z</time><speed>14.579343</speed><course>0.780000</course></trkpt>
		<trkpt lat="47.569938" lon="-122.322673"><time>2025-05-20T19:59:11Z</time><speed>14.563909</speed><course>0.210000</course></trkpt>
		<trkpt lat="47.570068" lon="-122.322673"><time>2025-05-20T19:59:12Z</time><speed>14.234666</speed><course>359.350006</course></trkpt>
		<trkpt lat="47.570199" lon="-122.322673"><time>2025-05-20T19:59:13Z</time><speed>14.388998</speed><course>359.049988</course></trkpt>
		<trkpt lat="47.570329" lon="-122.322689"><time>2025-05-20T19:59:14Z</time><speed>14.553621</speed><course>358.730011</course></trkpt>
		<trkpt lat="47.570459" lon="-122.322689"><time>2025-05-20T19:59:15Z</time><speed>14.563909</speed><course>358.559998</course></trkpt>
		<trkpt lat="47.570589" lon="-122.322689"><time>2025-05-20T19:59:16Z</time><speed>14.476454</speed><course>356.829987</course></trkpt>
		<trkpt lat="47.570719" lon="-122.322705"><time>2025-05-20T19:59:17Z</time><speed>13.915710</speed><course>355.799988</course></trkpt>
		<trkpt lat="47.570841" lon="-122.322721"><time>2025-05-20T19:59:18Z</time><speed>13.375544</speed><course>356.910004</course></trkpt>
		<trkpt lat="47.570964" lon="-122.322721"><time>2025-05-20T19:59:19Z</time><speed>12.809655</speed><course>357.399994</course></trkpt>
		<trkpt lat="47.571077" lon="-122.322738"><time>2025-05-20T19:59:20Z</time><speed>12.264345</speed><course>357.420013</course></trkpt>
		<trkpt lat="47.571183" lon="-122.322738"><time>2025-05-20T19:59:21Z</time><speed>12.104868</speed><course>357.010010</course></trkpt>
		<trkpt lat="47.571289" lon="-122.322754"><time>2025-05-20T19:59:22Z</time><speed>11.816778</speed><course>356.369995</course></trkpt>
		<trkpt lat="47.571395" lon="-122.322770"><time>2025-05-20T19:59:23Z</time><speed>11.554412</speed><course>355.029999</course></trkpt>
		<trkpt lat="47.571436" lon="-122.322884"><time>2025-05-20T19:59:24Z</time><speed>9.064504</speed><course>322.769989</course></trkpt>
		<trkpt lat="47.571460" lon="-122.322982"><time>2025-05-20T19:59:25Z</time><speed>9.028492</speed><course>295.600006</course></trkpt>
		<trkpt lat="47.571493" lon="-122.323096"><time>2025-05-20T19:59:26Z</time><speed>9.177681</speed><course>294.339996</course></trkpt>
		<trkpt lat="47.571525" lon="-122.323210"><time>2025-05-20T19:59:27Z</time><speed>9.666403</speed><course>291.470001</course></trkpt>
		<trkpt lat="47.571574" lon="-122.323324"><time>2025-05-20T19:59:28Z</time><speed>10.216858</speed><course>293.320007</course></trkpt>
		<trkpt lat="47.571606" lon="-122.323454"><time>2025-05-20T19:59:29Z</time><speed>10.942224</speed><course>292.549988</course></trkpt>
		<trkpt lat="47.571582" lon="-122.323633"><time>2025-05-20T19:59:30Z</time><speed>11.559556</speed><course>286.420013</course></trkpt>
		<trkpt lat="47.571574" lon="-122.323796"><time>2025-05-20T19:59:31Z</time><speed>11.960823</speed><course>280.670013</course></trkpt>
		<trkpt lat="47.571549" lon="-122.323991"><time>2025-05-20T19:59:32Z</time><speed>12.500989</speed><course>272.619995</course></trkpt>
		<trkpt lat="47.571517" lon="-122.324219"><time>2025-05-20T19:59:33Z</time><speed>13.668777</speed><course>268.839996</course></trkpt>
		<trkpt lat="47.571501" lon="-122.324430"><time>2025-05-20T19:59:34Z</time><speed>13.663632</speed><course>271.880005</course></trkpt>
		<trkpt lat="47.571501" lon="-122.324626"><time>2025-05-20T19:59:35Z</time><speed>13.571032</speed><course>277.700012</course></trkpt>
		<trkpt lat="47.571517" lon="-122.324805"><time>2025-05-20T19:59:36Z</time><speed>13.231499</speed><course>280.250000</course></trkpt>
		<trkpt lat="47.571533" lon="-122.324984"><time>2025-05-20T19:59:37Z</time><speed>12.516422</speed><course>279.200012</course></trkpt>
		<trkpt lat="47.571541" lon="-122.325146"><time>2025-05-20T19:59:38Z</time><speed>11.374357</speed><course>277.529999</course></trkpt>
		<trkpt lat="47.571549" lon="-122.325309"><time>2025-05-20T19:59:39Z</time><speed>9.620103</speed><course>273.309998</course></trkpt>
		<trkpt lat="47.571549" lon="-122.325423"><time>2025-05-20T19:59:40Z</time><speed>7.624060</speed><course>269.779999</course></trkpt>
		<trkpt lat="47.571541" lon="-122.325505"><time>2025-05-20T19:59:41Z</time><speed>5.514840</speed><course>267.179993</course></trkpt>
		<trkpt lat="47.571541" lon="-122.325570"><time>2025-05-20T19:59:42Z</time><speed>3.760586</speed><course>263.799988</course></trkpt>
		<trkpt lat="47.571541" lon="-122.325618"><time>2025-05-20T19:59:43Z</time><speed>2.186387</speed><course>282.730011</course></trkpt>
		<trkpt lat="47.571549" lon="-122.325635"><time>2025-05-20T19:59:44Z</time><speed>1.358132</speed><course>312.739990</course></trkpt>
		<trkpt lat="47.571549" lon="-122.325635"><time>2025-05-20T19:59:45Z</time><speed>0.051444</speed><course>312.739990</course></trkpt>
		<trkpt lat="47.571549" lon="-122.325635"><time>2025-05-20T19:59:46Z</time><speed>0.025722</speed><course>312.739990</course></trkpt>
		<trkpt lat="47.571558" lon="-122.325635"><time>2025-05-20T19:59:47Z</time><speed>0.020578</speed><course>312.739990</course></trkpt>
		<trkpt lat="47.571549" lon="-122.325635"><time>2025-05-20T19:59:48Z</time><speed>0.020578</speed><course>312.739990</course></trkpt>
		<trkpt lat="47.571549" lon="-122.325635"><time>2025-05-20T19:59:49Z</time><speed>0.015433</speed><course>312.739990</course></trkpt>
		<trkpt lat="47.571558" lon="-122.325635"><time>2025-05-20T19:59:50Z</time><speed>0.010289</speed><course>312.739990</course></trkpt>
		<trkpt lat="47.571558" lon="-122.325635"><time>2025-05-20T19:59:51Z</time><speed>0.005144</speed><course>312.739990</course></trkpt>
		<trkpt lat="47.571558" lon="-122.325635"><time>2025-05-20T19:59:52Z</time><speed>0.000000</speed><course>312.739990</course></trkpt>
		<trkpt lat="47.571558" lon="-122.325635"><time>2025-05-20T19:59:53Z</time><speed>0.010289</speed><course>312.739990</course></trkpt>
		<trkpt lat="47.571558" lon="-122.325635"><time>2025-05-20T19:59:54Z</time><speed>0.005144</speed><course>312.739990</course></trkpt>
		<trkpt lat="47.571558" lon="-122.325635"><time>2025-05-20T19:59:55Z</time><speed>0.010289</speed><course>312.739990</course></trkpt>
		<trkpt lat="47.571558" lon="-122.325635"><time>2025-05-20T19:59:56Z</time><speed>0.005144</speed><course>312.739990</course></trkpt>
		<trkpt lat="47.571558" lon="-122.325635"><time>2025-05-20T19:59:57Z</time><speed>0.005144</speed><course>312.739990</course></trkpt>
		<trkpt lat="47.571558" lon="-122.325635"><time>2025-05-20T19:59:58Z</time><speed>0.005144</speed><course>312.739990</course></trkpt>
		<trkpt lat="47.571558" lon="-122.325635"><time>2025-05-20T19:59:59Z</time><speed>0.005144</speed><course>312.739990</course></trkpt>
		<trkpt lat="47.571558" lon="-122.325635"><time>2025-05-20T20:00:00Z</time><speed>0.005144</speed><course>312.739990</course></trkpt>
		<trkpt lat="47.571558" lon="-122.325635"><time>2025-05-20T20:00:01Z</time><speed>0.005144</speed><course>312.739990</course></trkpt>
		<trkpt lat="47.571558" lon="-122.325635"><time>2025-05-20T20:00:02Z</time><speed>0.000000</speed><course>312.739990</course></trkpt>
		<trkpt lat="47.571558" lon="-122.325635"><time>2025-05-20T20:00:03Z</time><speed>0.000000</speed><course>312.739990</course></trkpt>
		<trkpt lat="47.571558" lon="-122.325635"><time>2025-05-20T20:00:04Z</time><speed>0.000000</speed><course>312.739990</course></trkpt>
		<trkpt lat="47.571558" lon="-122.325635"><time>2025-05-20T20:00:05Z</time><speed>0.015433</speed><course>312.739990</course></trkpt>
		<trkpt lat="47.571558" lon="-122.325635"><time>2025-05-20T20:00:06Z</time><speed>1.229521</speed><course>299.660004</course></trkpt>
		<trkpt lat="47.571566" lon="-122.325716"><time>2025-05-20T20:00:07Z</time><speed>5.417095</speed><course>282.079987</course></trkpt>
		<trkpt lat="47.571566" lon="-122.325814"><time>2025-05-20T20:00:08Z</time><speed>8.359715</speed><course>274.549988</course></trkpt>
		<trkpt lat="47.571574" lon="-122.325944"><time>2025-05-20T20:00:09Z</time><speed>10.134547</speed><course>273.640015</course></trkpt>
		<trkpt lat="47.571574" lon="-122.326090"><time>2025-05-20T20:00:10Z</time><speed>10.587257</speed><course>275.989990</course></trkpt>
		<trkpt lat="47.571582" lon="-122.326237"><time>2025-05-20T20:00:11Z</time><speed>10.731302</speed><course>280.019989</course></trkpt>
		<trkpt lat="47.571598" lon="-122.326367"><time>2025-05-20T20:00:12Z</time><speed>10.736447</speed><course>282.140015</course></trkpt>
		<trkpt lat="47.571623" lon="-122.326514"><time>2025-05-20T20:00:13Z</time><speed>10.489513</speed><course>284.230011</course></trkpt>
		<trkpt lat="47.571647" lon="-122.326644"><time>2025-05-20T20:00:14Z</time><speed>10.515236</speed><course>283.790009</course></trkpt>
		<trkpt lat="47.571655" lon="-122.326758"><time>2025-05-20T20:00:15Z</time><speed>9.969924</speed><course>281.510010</course></trkpt>
		<trkpt lat="47.571672" lon="-122.326888"><time>2025-05-20T20:00:16Z</time><speed>9.404037</speed><course>277.170013</course></trkpt>
		<trkpt lat="47.571680" lon="-122.327002"><time>2025-05-20T20:00:17Z</time><speed>9.239414</speed><course>273.739990</course></trkpt>
		<trkpt lat="47.571672" lon="-122.327100"><time>2025-05-20T20:00:18Z</time><speed>8.066482</speed><course>264.910004</course></trkpt>
		<trkpt lat="47.571639" lon="-122.327214"><time>2025-05-20T20:00:19Z</time><speed>8.426592</speed><course>253.690002</course></trkpt>
		<trkpt lat="47.571623" lon="-122.327295"><time>2025-05-20T20:00:20Z</time><speed>7.670360</speed><course>243.960007</course></trkpt>
		<trkpt lat="47.571574" lon="-122.327344"><time>2025-05-20T20:00:21Z</time><speed>6.389395</speed><course>231.449997</course></trkpt>
		<trkpt lat="47.571533" lon="-122.327360"><time>2025-05-20T20:00:22Z</time><speed>3.863475</speed><course>209.639999</course></trkpt>
		<trkpt lat="47.571509" lon="-122.327376"><time>2025-05-20T20:00:23Z</time><speed>1.677087</speed><course>195.380005</course></trkpt>
		<trkpt lat="47.571493" lon="-122.327376"><time>2025-05-20T20:00:24Z</time><speed>0.051444</speed><course>195.380005</course></trkpt>
		<trkpt lat="47.571484" lon="-122.327360"><time>2025-05-20T20:00:25Z</time><speed>1.924021</speed><course>128.100006</course></trkpt>
		<trkpt lat="47.571468" lon="-122.327295"><time>2025-05-20T20:00:26Z</time><speed>4.434507</speed><course>112.800003</course></trkpt>
		<trkpt lat="47.571452" lon="-122.327214"><time>2025-05-20T20:00:27Z</time><speed>6.332806</speed><course>102.870003</course></trkpt>
		<trkpt lat="47.571444" lon="-122.327100"><time>2025-05-20T20:00:28Z</time><speed>8.596359</speed><course>97.959999</course></trkpt>
		<trkpt lat="47.571427" lon="-122.326953"><time>2025-05-20T20:00:29Z</time><speed>11.009101</speed><course>96.019997</course></trkpt>
		<trkpt lat="47.571419" lon="-122.326790"><time>2025-05-20T20:00:30Z</time><speed>12.264345</speed><course>93.570000</course></trkpt>
		<trkpt lat="47.571411" lon="-122.326628"><time>2025-05-20T20:00:31Z</time><speed>13.030866</speed><course>92.410004</course></trkpt>
		<trkpt lat="47.571411" lon="-122.326432"><time>2025-05-20T20:00:32Z</time><speed>13.252078</speed><course>92.230003</course></trkpt>
		<trkpt lat="47.571395" lon="-122.326237"><time>2025-05-20T20:00:33Z</time><speed>13.293233</speed><course>93.949997</course></trkpt>
		<trkpt lat="47.571395" lon="-122.326058"><time>2025-05-20T20:00:34Z</time><speed>13.540166</speed><course>93.660004</course></trkpt>
		<trkpt lat="47.571387" lon="-122.325895"><time>2025-05-20T20:00:35Z</time><speed>13.540166</speed><course>89.699997</course></trkpt>
		<trkpt lat="47.571387" lon="-122.325716"><time>2025-05-20T20:00:36Z</time><speed>13.540166</speed><course>88.019997</course></trkpt>
		<trkpt lat="47.571395" lon="-122.325521"><time>2025-05-20T20:00:37Z</time><speed>13.643055</speed><course>89.860001</course></trkpt>
		<trkpt lat="47.571395" lon="-122.325342"><time>2025-05-20T20:00:38Z</time><speed>13.478433</speed><course>90.980003</course></trkpt>
		<trkpt lat="47.571395" lon="-122.325163"><time>2025-05-20T20:00:39Z</time><speed>13.262367</speed><course>92.680000</course></trkpt>
		<trkpt lat="47.571387" lon="-122.324984"><time>2025-05-20T20:00:40Z</time><speed>12.953700</speed><course>94.550003</course></trkpt>
		<trkpt lat="47.571370" lon="-122.324821"><time>2025-05-20T20:00:41Z</time><speed>12.804511</speed><course>97.540001</course></trkpt>
		<trkpt lat="47.571362" lon="-122.324658"><time>2025-05-20T20:00:42Z</time><speed>11.955678</speed><course>97.949997</course></trkpt>
		<trkpt lat="47.571346" lon="-122.324512"><time>2025-05-20T20:00:43Z</time><speed>11.178868</speed><course>100.430000</course></trkpt>
		<trkpt lat="47.571338" lon="-122.324382"><time>2025-05-20T20:00:44Z</time><speed>10.139691</speed><course>99.589996</course></trkpt>
		<trkpt lat="47.571330" lon="-122.324251"><time>2025-05-20T20:00:45Z</time><speed>9.213692</speed><course>98.989998</course></trkpt>
		<trkpt lat="47.571330" lon="-122.324137"><time>2025-05-20T20:00:46Z</time><speed>8.081915</speed><course>95.110001</course></trkpt>
		<trkpt lat="47.571338" lon="-122.324056"><time>2025-05-20T20:00:47Z</time><speed>7.176494</speed><course>91.239998</course></trkpt>
		<trkpt lat="47.571330" lon="-122.323975"><time>2025-05-20T20:00:48Z</time><speed>6.713494</speed><course>90.550003</course></trkpt>
		<trkpt lat="47.571313" lon="-122.323861"><time>2025-05-20T20:00:49Z</time><speed>6.332806</speed><course>90.709999</course></trkpt>
		<trkpt lat="47.571313" lon="-122.323763"><time>2025-05-20T20:00:50Z</time><speed>6.548872</speed><course>90.669998</course></trkpt>
		<trkpt lat="47.571322" lon="-122.323665"><time>2025-05-20T20:00:51Z</time><speed>6.662050</speed><course>91.199997</course></trkpt>
		<trkpt lat="47.571322" lon="-122.323568"><time>2025-05-20T20:00:52Z</time><speed>6.754650</speed><course>91.260002</course></trkpt>
		<trkpt lat="47.571322" lon="-122.323470"><time>2025-05-20T20:00:53Z</time><speed>6.512861</speed><course>90.349998</course></trkpt>
		<trkpt lat="47.571322" lon="-122.323372"><time>2025-05-20T20:00:54Z</time><speed>5.761773</speed><course>90.709999</course></trkpt>
		<trkpt lat="47.571322" lon="-122.323307"><time>2025-05-20T20:00:55Z</time><speed>4.485952</speed><course>90.050003</course></trkpt>
		<trkpt lat="47.571322" lon="-122.323258"><time>2025-05-20T20:00:56Z</time><speed>3.302731</speed><course>90.760002</course></trkpt>
		<trkpt lat="47.571322" lon="-122.323210"><time>2025-05-20T20:00:57Z</time><speed>2.273843</speed><course>90.220001</course></trkpt>
		<trkpt lat="47.571322" lon="-122.323193"><time>2025-05-20T20:00:58Z</time><speed>1.965176</speed><course>87.190002</course></trkpt>
		<trkpt lat="47.571322" lon="-122.323161"><time>2025-05-20T20:00:59Z</time><speed>1.815987</speed><course>88.430000</course></trkpt>
		<trkpt lat="47.571322" lon="-122.323145"><time>2025-05-20T20:01:00Z</time><speed>1.851998</speed><course>90.239998</course></trkpt>
		<trkpt lat="47.571330" lon="-122.323112"><time>2025-05-20T20:01:01Z</time><speed>1.965176</speed><course>92.260002</course></trkpt>
		<trkpt lat="47.571330" lon="-122.323079"><time>2025-05-20T20:01:02Z</time><speed>2.783142</speed><course>88.510002</course></trkpt>
		<trkpt lat="47.571330" lon="-122.323031"><time>2025-05-20T20:01:03Z</time><speed>3.986941</speed><course>88.400002</course></trkpt>
		<trkpt lat="47.571330" lon="-122.322982"><time>2025-05-20T20:01:04Z</time><speed>5.201029</speed><course>90.940002</course></trkpt>
		<trkpt lat="47.571330" lon="-122.322900"><time>2025-05-20T20:01:05Z</time><speed>5.859517</speed><course>89.879997</course></trkpt>
		<trkpt lat="47.571330" lon="-122.322819"><time>2025-05-20T20:01:06Z</time><speed>6.327661</speed><course>90.599998</course></trkpt>
		<trkpt lat="47.571330" lon="-122.322738"><time>2025-05-20T20:01:07Z</time><speed>6.554016</speed><course>91.180000</course></trkpt>
		<trkpt lat="47.571330" lon="-122.322656"><time>2025-05-20T20:01:08Z</time><speed>6.157895</speed><course>91.160004</course></trkpt>
		<trkpt lat="47.571330" lon="-122.322591"><time>2025-05-20T20:01:09Z</time><speed>5.545706</speed><course>91.139999</course></trkpt>
		<trkpt lat="47.571330" lon="-122.322510"><time>2025-05-20T20:01:10Z</time><speed>5.098140</speed><course>91.730003</course></trkpt>
		<trkpt lat="47.571322" lon="-122.322445"><time>2025-05-20T20:01:11Z</time><speed>4.743174</speed><course>92.120003</course></trkpt>
		<trkpt lat="47.571322" lon="-122.322396"><time>2025-05-20T20:01:12Z</time><speed>4.388207</speed><course>93.580002</course></trkpt>
		<trkpt lat="47.571322" lon="-122.322347"><time>2025-05-20T20:01:13Z</time><speed>3.112386</speed><course>93.349998</course></trkpt>
		<trkpt lat="47.571322" lon="-122.322314"><time>2025-05-20T20:01:14Z</time><speed>1.332410</speed><course>92.019997</course></trkpt>
		<trkpt lat="47.571322" lon="-122.322298"><time>2025-05-20T20:01:15Z</time><speed>0.915710</speed><course>92.019997</course></trkpt>
		<trkpt lat="47.571322" lon="-122.322282"><time>2025-05-20T20:01:16Z</time><speed>1.826276</speed><course>90.279999</course></trkpt>
		<trkpt lat="47.571322" lon="-122.322233"><time>2025-05-20T20:01:17Z</time><speed>4.588841</speed><course>89.410004</course></trkpt>
		<trkpt lat="47.571322" lon="-122.322168"><time>2025-05-20T20:01:18Z</time><speed>6.116739</speed><course>89.930000</course></trkpt>
		<trkpt lat="47.571322" lon="-122.322070"><time>2025-05-20T20:01:19Z</time><speed>7.284527</speed><course>88.519997</course></trkpt>
		<trkpt lat="47.571330" lon="-122.321956"><time>2025-05-20T20:01:20Z</time><speed>8.452315</speed><course>87.839996</course></trkpt>
		<trkpt lat="47.571330" lon="-122.321842"><time>2025-05-20T20:01:21Z</time><speed>8.781559</speed><course>88.220001</course></trkpt>
		<trkpt lat="47.571330" lon="-122.321729"><time>2025-05-20T20:01:22Z</time><speed>8.632371</speed><course>87.760002</course></trkpt>
		<trkpt lat="47.571338" lon="-122.321631"><time>2025-05-20T20:01:23Z</time><speed>8.030471</speed><course>88.290001</course></trkpt>
		<trkpt lat="47.571346" lon="-122.321533"><time>2025-05-20T20:01:24Z</time><speed>7.047883</speed><course>87.790001</course></trkpt>
		<trkpt lat="47.571346" lon="-122.321436"><time>2025-05-20T20:01:25Z</time><speed>5.988128</speed><course>82.239998</course></trkpt>
		<trkpt lat="47.571362" lon="-122.321370"><time>2025-05-20T20:01:26Z</time><speed>6.024139</speed><course>78.139999</course></trkpt>
		<trkpt lat="47.571370" lon="-122.321289"><time>2025-05-20T20:01:27Z</time><speed>6.687772</speed><course>75.720001</course></trkpt>
		<trkpt lat="47.571387" lon="-122.321191"><time>2025-05-20T20:01:28Z</time><speed>7.217649</speed><course>72.830002</course></trkpt>
		<trkpt lat="47.571403" lon="-122.321094"><time>2025-05-20T20:01:29Z</time><speed>7.762960</speed><course>71.870003</course></trkpt>
		<trkpt lat="47.571436" lon="-122.320996"><time>2025-05-20T20:01:30Z</time><speed>8.004749</speed><course>68.459999</course></trkpt>
		<trkpt lat="47.571460" lon="-122.320882"><time>2025-05-20T20:01:31Z</time><speed>8.251682</speed><course>66.250000</course></trkpt>
		<trkpt lat="47.571501" lon="-122.320785"><time>2025-05-20T20:01:32Z</time><speed>8.550060</speed><course>62.270000</course></trkpt>
		<trkpt lat="47.571541" lon="-122.320671"><time>2025-05-20T20:01:33Z</time><speed>8.827859</speed><course>58.029999</course></trkpt>
		<trkpt lat="47.571590" lon="-122.320573"><time>2025-05-20T20:01:34Z</time><speed>9.074792</speed><course>52.590000</course></trkpt>
		<trkpt lat="47.571639" lon="-122.320475"><time>2025-05-20T20:01:35Z</time><speed>9.244558</speed><course>49.259998</course></trkpt>
		<trkpt lat="47.571696" lon="-122.320378"><time>2025-05-20T20:01:36Z</time><speed>9.259992</speed><course>47.180000</course></trkpt>
		<trkpt lat="47.571753" lon="-122.320296"><time>2025-05-20T20:01:37Z</time><speed>9.553225</speed><course>45.189999</course></trkpt>
		<trkpt lat="47.571818" lon="-122.320199"><time>2025-05-20T20:01:38Z</time><speed>10.011080</speed><course>44.520000</course></trkpt>
		<trkpt lat="47.571883" lon="-122.320101"><time>2025-05-20T20:01:39Z</time><speed>10.479225</speed><course>44.570000</course></trkpt>
		<trkpt lat="47.571956" lon="-122.320003"><time>2025-05-20T20:01:40Z</time><speed>10.942224</speed><course>43.070000</course></trkpt>
		<trkpt lat="47.572030" lon="-122.319889"><time>2025-05-20T20:01:41Z</time><speed>11.410368</speed><course>40.779999</course></trkpt>
		<trkpt lat="47.572111" lon="-122.319808"><time>2025-05-20T20:01:42Z</time><speed>10.931935</speed><course>36.689999</course></trkpt>
		<trkpt lat="47.572184" lon="-122.319727"><time>2025-05-20T20:01:43Z</time><speed>9.692125</speed><course>32.070000</course></trkpt>
		<trkpt lat="47.572257" lon="-122.319661"><time>2025-05-20T20:01:44Z</time><speed>8.704393</speed><course>28.610001</course></trkpt>
		<trkpt lat="47.572323" lon="-122.319613"><time>2025-05-20T20:01:45Z</time><speed>8.241393</speed><course>24.950001</course></trkpt>
		<trkpt lat="47.572388" lon="-122.319564"><time>2025-05-20T20:01:46Z</time><speed>8.015037</speed><course>23.969999</course></trkpt>
		<trkpt lat="47.572453" lon="-122.319531"><time>2025-05-20T20:01:47Z</time><speed>7.197071</speed><course>22.680000</course></trkpt>
		<trkpt lat="47.572510" lon="-122.319499"><time>2025-05-20T20:01:48Z</time><speed>7.017016</speed><course>18.920000</course></trkpt>
		<trkpt lat="47.572567" lon="-122.319466"><time>2025-05-20T20:01:49Z</time><speed>7.047883</speed><course>20.160000</course></trkpt>
		<trkpt lat="47.572624" lon="-122.319434"><time>2025-05-20T20:01:50Z</time><speed>6.533439</speed><course>18.200001</course></trkpt>
		<trkpt lat="47.572681" lon="-122.319401"><time>2025-05-20T20:01:51Z</time><speed>6.559161</speed><course>10.290000</course></trkpt>
		<trkpt lat="47.572729" lon="-122.319385"><time>2025-05-20T20:01:52Z</time><speed>6.523150</speed><course>9.950000</course></trkpt>
		<trkpt lat="47.572795" lon="-122.319385"><time>2025-05-20T20:01:53Z</time><speed>7.603482</speed><course>5.690000</course></trkpt>
		<trkpt lat="47.572868" lon="-122.319368"><time>2025-05-20T20:01:54Z</time><speed>8.112782</speed><course>6.130000</course></trkpt>
		<trkpt lat="47.572933" lon="-122.319368"><time>2025-05-20T20:01:55Z</time><speed>8.375149</speed><course>4.080000</course></trkpt>
		<trkpt lat="47.573006" lon="-122.319368"><time>2025-05-20T20:01:56Z</time><speed>7.927582</speed><course>359.980011</course></trkpt>
		<trkpt lat="47.573071" lon="-122.319385"><time>2025-05-20T20:01:57Z</time><speed>7.243371</speed><course>356.720001</course></trkpt>
		<trkpt lat="47.573136" lon="-122.319401"><time>2025-05-20T20:01:58Z</time><speed>6.795805</speed><course>356.010010</course></trkpt>
		<trkpt lat="47.573193" lon="-122.319417"><time>2025-05-20T20:01:59Z</time><speed>6.656905</speed><course>358.109985</course></trkpt>
		<trkpt lat="47.573250" lon="-122.319417"><time>2025-05-20T20:02:00Z</time><speed>6.682627</speed><course>356.980011</course></trkpt>
		<trkpt lat="47.573315" lon="-122.319417"><time>2025-05-20T20:02:01Z</time><speed>6.698061</speed><course>357.799988</course></trkpt>
		<trkpt lat="47.573381" lon="-122.319417"><time>2025-05-20T20:02:02Z</time><speed>6.908983</speed><course>357.359985</course></trkpt>
		<trkpt lat="47.573437" lon="-122.319434"><time>2025-05-20T20:02:03Z</time><speed>7.155916</speed><course>357.670013</course></trkpt>
		<trkpt lat="47.573503" lon="-122.319434"><time>2025-05-20T20:02:04Z</time><speed>7.294816</speed><course>357.470001</course></trkpt>
		<trkpt lat="47.573576" lon="-122.319434"><time>2025-05-20T20:02:05Z</time><speed>7.526316</speed><course>357.609985</course></trkpt>
		<trkpt lat="47.573649" lon="-122.319434"><time>2025-05-20T20:02:06Z</time><speed>7.891571</speed><course>357.769989</course></trkpt>
		<trkpt lat="47.573722" lon="-122.319450"><time>2025-05-20T20:02:07Z</time><speed>7.932727</speed><course>358.739990</course></trkpt>
		<trkpt lat="47.573787" lon="-122.319450"><time>2025-05-20T20:02:08Z</time><speed>7.742382</speed><course>358.720001</course></trkpt>
		<trkpt lat="47.573853" lon="-122.319450"><time>2025-05-20T20:02:09Z</time><speed>6.487139</speed><course>359.320007</course></trkpt>
		<trkpt lat="47.573901" lon="-122.319450"><time>2025-05-20T20:02:10Z</time><speed>5.375940</speed><course>360.000000</course></trkpt>
		<trkpt lat="47.573942" lon="-122.319466"><time>2025-05-20T20:02:11Z</time><speed>4.228730</speed><course>358.829987</course></trkpt>
		<trkpt lat="47.573983" lon="-122.319466"><time>2025-05-20T20:02:12Z</time><speed>4.573407</speed><course>357.329987</course></trkpt>
		<trkpt lat="47.574023" lon="-122.319466"><time>2025-05-20T20:02:13Z</time><speed>4.722596</speed><course>358.559998</course></trkpt>
		<trkpt lat="47.574072" lon="-122.319482"><time>2025-05-20T20:02:14Z</time><speed>5.283340</speed><course>357.739990</course></trkpt>
		<trkpt lat="47.574121" lon="-122.319482"><time>2025-05-20T20:02:15Z</time><speed>6.096162</speed><course>358.570007</course></trkpt>
		<trkpt lat="47.574178" lon="-122.319482"><time>2025-05-20T20:02:16Z</time><speed>6.847250</speed><course>358.450012</course></trkpt>
		<trkpt lat="47.574243" lon="-122.319482"><time>2025-05-20T20:02:17Z</time><speed>7.567471</speed><course>358.179993</course></trkpt>
		<trkpt lat="47.574308" lon="-122.319482"><time>2025-05-20T20:02:18Z</time><speed>8.159082</speed><course>358.640015</course></trkpt>
		<trkpt lat="47.574390" lon="-122.319482"><time>2025-05-20T20:02:19Z</time><speed>8.539771</speed><course>358.649994</course></trkpt>
		<trkpt lat="47.574471" lon="-122.319499"><time>2025-05-20T20:02:20Z</time><speed>8.935893</speed><course>358.570007</course></trkpt>
		<trkpt lat="47.574552" lon="-122.319515"><time>2025-05-20T20:02:21Z</time><speed>9.270281</speed><course>358.420013</course></trkpt>
		<trkpt lat="47.574642" lon="-122.319515"><time>2025-05-20T20:02:22Z</time><speed>9.733281</speed><course>358.250000</course></trkpt>
		<trkpt lat="47.574731" lon="-122.319531"><time>2025-05-20T20:02:23Z</time><speed>10.324891</speed><course>358.440002</course></trkpt>
		<trkpt lat="47.574829" lon="-122.319531"><time>2025-05-20T20:02:24Z</time><speed>10.998812</speed><course>358.720001</course></trkpt>
		<trkpt lat="47.574935" lon="-122.319531"><time>2025-05-20T20:02:25Z</time><speed>11.739612</speed><course>358.609985</course></trkpt>
		<trkpt lat="47.575049" lon="-122.319531"><time>2025-05-20T20:02:26Z</time><speed>12.382667</speed><course>358.329987</course></trkpt>
		<trkpt lat="47.575163" lon="-122.319531"><time>2025-05-20T20:02:27Z</time><speed>12.773644</speed><course>358.119995</course></trkpt>
		<trkpt lat="47.575285" lon="-122.319531"><time>2025-05-20T20:02:28Z</time><speed>12.933122</speed><course>357.950012</course></trkpt>
		<trkpt lat="47.575399" lon="-122.319548"><time>2025-05-20T20:02:29Z</time><speed>12.346656</speed><course>358.119995</course></trkpt>
		<trkpt lat="47.575505" lon="-122.319548"><time>2025-05-20T20:02:30Z</time><speed>10.978235</speed><course>358.579987</course></trkpt>
		<trkpt lat="47.575594" lon="-122.319548"><time>2025-05-20T20:02:31Z</time><speed>9.795014</speed><course>359.000000</course></trkpt>
		<trkpt lat="47.575684" lon="-122.319564"><time>2025-05-20T20:02:32Z</time><speed>9.146815</speed><course>359.799988</course></trkpt>
		<trkpt lat="47.575765" lon="-122.319548"><time>2025-05-20T20:02:33Z</time><speed>8.858725</speed><course>359.459991</course></trkpt>
		<trkpt lat="47.575846" lon="-122.319548"><time>2025-05-20T20:02:34Z</time><speed>9.964781</speed><course>0.090000</course></trkpt>
		<trkpt lat="47.575944" lon="-122.319548"><time>2025-05-20T20:02:35Z</time><speed>10.906213</speed><course>1.980000</course></trkpt>
		<trkpt lat="47.576050" lon="-122.319548"><time>2025-05-20T20:02:36Z</time><speed>11.158291</speed><course>2.590000</course></trkpt>
		<trkpt lat="47.576147" lon="-122.319531"><time>2025-05-20T20:02:37Z</time><speed>10.499802</speed><course>4.090000</course></trkpt>
		<trkpt lat="47.576237" lon="-122.319515"><time>2025-05-20T20:02:38Z</time><speed>9.213692</speed><course>6.420000</course></trkpt>
		<trkpt lat="47.576310" lon="-122.319515"><time>2025-05-20T20:02:39Z</time><speed>7.747527</speed><course>6.960000</course></trkpt>
		<trkpt lat="47.576375" lon="-122.319499"><time>2025-05-20T20:02:40Z</time><speed>7.536604</speed><course>6.930000</course></trkpt>
		<trkpt lat="47.576449" lon="-122.319482"><time>2025-05-20T20:02:41Z</time><speed>7.937871</speed><course>6.050000</course></trkpt>
		<trkpt lat="47.576522" lon="-122.319466"><time>2025-05-20T20:02:42Z</time><speed>8.925604</speed><course>5.120000</course></trkpt>
		<trkpt lat="47.576603" lon="-122.319466"><time>2025-05-20T20:02:43Z</time><speed>9.645825</speed><course>4.980000</course></trkpt>
		<trkpt lat="47.576685" lon="-122.319450"><time>2025-05-20T20:02:44Z</time><speed>9.090226</speed><course>5.700000</course></trkpt>
		<trkpt lat="47.576766" lon="-122.319434"><time>2025-05-20T20:02:45Z</time><speed>8.328849</speed><course>5.820000</course></trkpt>
		<trkpt lat="47.576839" lon="-122.319417"><time>2025-05-20T20:02:46Z</time><speed>8.457460</speed><course>7.410000</course></trkpt>
		<trkpt lat="47.576912" lon="-122.319401"><time>2025-05-20T20:02:47Z</time><speed>8.627226</speed><course>8.480000</course></trkpt>
		<trkpt lat="47.576994" lon="-122.319385"><time>2025-05-20T20:02:48Z</time><speed>9.059359</speed><course>8.010000</course></trkpt>
		<trkpt lat="47.577075" lon="-122.319368"><time>2025-05-20T20:02:49Z</time><speed>9.614959</speed><course>7.940000</course></trkpt>
		<trkpt lat="47.577165" lon="-122.319352"><time>2025-05-20T20:02:50Z</time><speed>10.155124</speed><course>8.020000</course></trkpt>
		<trkpt lat="47.577254" lon="-122.319320"><time>2025-05-20T20:02:51Z</time><speed>10.453502</speed><course>8.860000</course></trkpt>
		<trkpt lat="47.577352" lon="-122.319303"><time>2025-05-20T20:02:52Z</time><speed>10.669568</speed><course>8.520000</course></trkpt>
		<trkpt lat="47.577441" lon="-122.319287"><time>2025-05-20T20:02:53Z</time><speed>10.520380</speed><course>8.760000</course></trkpt>
		<trkpt lat="47.577531" lon="-122.319271"><time>2025-05-20T20:02:54Z</time><speed>10.432925</speed><course>9.240000</course></trkpt>
		<trkpt lat="47.577629" lon="-122.319238"><time>2025-05-20T20:02:55Z</time><speed>10.736447</speed><course>9.990000</course></trkpt>
		<trkpt lat="47.577718" lon="-122.319206"><time>2025-05-20T20:02:56Z</time><speed>11.137712</speed><course>9.970000</course></trkpt>
		<trkpt lat="47.577824" lon="-122.319189"><time>2025-05-20T20:02:57Z</time><speed>12.012268</speed><course>9.750000</course></trkpt>
		<trkpt lat="47.577930" lon="-122.319157"><time>2025-05-20T20:02:58Z</time><speed>12.727344</speed><course>10.290000</course></trkpt>
		<trkpt lat="47.578044" lon="-122.319124"><time>2025-05-20T20:02:59Z</time><speed>12.737634</speed><course>10.260000</course></trkpt>
		<trkpt lat="47.578158" lon="-122.319092"><time>2025-05-20T20:03:00Z</time><speed>12.624456</speed><course>9.900000</course></trkpt>
		<trkpt lat="47.578271" lon="-122.319059"><time>2025-05-20T20:03:01Z</time><speed>12.645033</speed><course>9.510000</course></trkpt>
		<trkpt lat="47.578385" lon="-122.319043"><time>2025-05-20T20:03:02Z</time><speed>12.845666</speed><course>8.250000</course></trkpt>
		<trkpt lat="47.578499" lon="-122.319010"><time>2025-05-20T20:03:03Z</time><speed>13.190344</speed><course>7.600000</course></trkpt>
		<trkpt lat="47.578621" lon="-122.318994"><time>2025-05-20T20:03:04Z</time><speed>13.576177</speed><course>7.060000</course></trkpt>
		<trkpt lat="47.578743" lon="-122.318962"><time>2025-05-20T20:03:05Z</time><speed>13.663632</speed><course>5.500000</course></trkpt>
		<trkpt lat="47.578866" lon="-122.318945"><time>2025-05-20T20:03:06Z</time><speed>13.730511</speed><course>4.540000</course></trkpt>
		<trkpt lat="47.578996" lon="-122.318929"><time>2025-05-20T20:03:07Z</time><speed>13.936288</speed><course>4.190000</course></trkpt>
		<trkpt lat="47.579134" lon="-122.318929"><time>2025-05-20T20:03:08Z</time><speed>15.191532</speed><course>2.970000</course></trkpt>
		<trkpt lat="47.579272" lon="-122.318913"><time>2025-05-20T20:03:09Z</time><speed>15.685397</speed><course>1.130000</course></trkpt>
		<trkpt lat="47.579419" lon="-122.318913"><time>2025-05-20T20:03:10Z</time><speed>16.765730</speed><course>0.520000</course></trkpt>
		<trkpt lat="47.579574" lon="-122.318896"><time>2025-05-20T20:03:11Z</time><speed>17.758607</speed><course>359.779999</course></trkpt>
		<trkpt lat="47.579736" lon="-122.318896"><time>2025-05-20T20:03:12Z</time><speed>18.453106</speed><course>358.579987</course></trkpt>
		<trkpt lat="47.579907" lon="-122.318913"><time>2025-05-20T20:03:13Z</time><speed>18.880095</speed><course>357.730011</course></trkpt>
		<trkpt lat="47.580078" lon="-122.318929"><time>2025-05-20T20:03:14Z</time><speed>18.854373</speed><course>356.230011</course></trkpt>
		<trkpt lat="47.580241" lon="-122.318945"><time>2025-05-20T20:03:15Z</time><speed>18.766917</speed><course>355.339996</course></trkpt>
		<trkpt lat="47.580412" lon="-122.318962"><time>2025-05-20T20:03:16Z</time><speed>18.905817</speed><course>353.970001</course></trkpt>
		<trkpt lat="47.580583" lon="-122.318994"><time>2025-05-20T20:03:17Z</time><speed>18.921250</speed><course>352.540009</course></trkpt>
		<trkpt lat="47.580754" lon="-122.319027"><time>2025-05-20T20:03:18Z</time><speed>19.013850</speed><course>351.190002</course></trkpt>
		<trkpt lat="47.580924" lon="-122.319076"><time>2025-05-20T20:03:19Z</time><speed>18.998417</speed><course>350.290009</course></trkpt>
		<trkpt lat="47.581087" lon="-122.319108"><time>2025-05-20T20:03:20Z</time><speed>18.962406</speed><course>349.859985</course></trkpt>
		<trkpt lat="47.581258" lon="-122.319157"><time>2025-05-20T20:03:21Z</time><speed>19.003561</speed><course>350.230011</course></trkpt>
		<trkpt lat="47.581421" lon="-122.319189"><time>2025-05-20T20:03:22Z</time><speed>18.345073</speed><course>350.809998</course></trkpt>
		<trkpt lat="47.581584" lon="-122.319238"><time>2025-05-20T20:03:23Z</time><speed>18.221606</speed><course>351.049988</course></trkpt>
		<trkpt lat="47.581746" lon="-122.319271"><time>2025-05-20T20:03:24Z</time><speed>18.129007</speed><course>350.600006</course></trkpt>
		<trkpt lat="47.581909" lon="-122.319320"><time>2025-05-20T20:03:25Z</time><speed>18.113573</speed><course>350.559998</course></trkpt>
		<trkpt lat="47.582072" lon="-122.319352"><time>2025-05-20T20:03:26Z</time><speed>18.072418</speed><course>349.970001</course></trkpt>
		<trkpt lat="47.582227" lon="-122.319401"><time>2025-05-20T20:03:27Z</time><speed>18.206173</speed><course>350.350006</course></trkpt>
		<trkpt lat="47.582389" lon="-122.319434"><time>2025-05-20T20:03:28Z</time><speed>18.201029</speed><course>350.489990</course></trkpt>
		<trkpt lat="47.582552" lon="-122.319482"><time>2025-05-20T20:03:29Z</time><speed>18.165018</speed><course>350.470001</course></trkpt>
		<trkpt lat="47.582715" lon="-122.319515"><time>2025-05-20T20:03:30Z</time><speed>18.555995</speed><course>350.420013</course></trkpt>
		<trkpt lat="47.582878" lon="-122.319564"><time>2025-05-20T20:03:31Z</time><speed>18.427384</speed><course>349.959991</course></trkpt>
		<trkpt lat="47.583049" lon="-122.319596"><time>2025-05-20T20:03:32Z</time><speed>18.535417</speed><course>350.600006</course></trkpt>
		<trkpt lat="47.583219" lon="-122.319645"><time>2025-05-20T20:03:33Z</time><speed>19.641472</speed><course>351.470001</course></trkpt>
		<trkpt lat="47.583398" lon="-122.319678"><time>2025-05-20T20:03:34Z</time><speed>19.991294</speed><course>352.320007</course></trkpt>
		<trkpt lat="47.583586" lon="-122.319710"><time>2025-05-20T20:03:35Z</time><speed>20.166205</speed><course>353.049988</course></trkpt>
		<trkpt lat="47.583765" lon="-122.319743"><time>2025-05-20T20:03:36Z</time><speed>20.258805</speed><course>353.670013</course></trkpt>
		<trkpt lat="47.583944" lon="-122.319775"><time>2025-05-20T20:03:37Z</time><speed>20.531460</speed><course>354.480011</course></trkpt>
		<trkpt lat="47.584131" lon="-122.319808"><time>2025-05-20T20:03:38Z</time><speed>20.505738</speed><course>354.290009</course></trkpt>
		<trkpt lat="47.584318" lon="-122.319824"><time>2025-05-20T20:03:39Z</time><speed>20.644638</speed><course>354.950012</course></trkpt>
		<trkpt lat="47.584497" lon="-122.319857"><time>2025-05-20T20:03:40Z</time><speed>20.624060</speed><course>355.260010</course></trkpt>
		<trkpt lat="47.584684" lon="-122.319873"><time>2025-05-20T20:03:41Z</time><speed>20.639493</speed><course>355.700012</course></trkpt>
		<trkpt lat="47.584871" lon="-122.319889"><time>2025-05-20T20:03:42Z</time><speed>21.035615</speed><course>356.630005</course></trkpt>
		<trkpt lat="47.585067" lon="-122.319906"><time>2025-05-20T20:03:43Z</time><speed>20.999604</speed><course>356.369995</course></trkpt>
		<trkpt lat="47.585254" lon="-122.319922"><time>2025-05-20T20:03:44Z</time><speed>20.979026</speed><course>356.970001</course></trkpt>
		<trkpt lat="47.585441" lon="-122.319938"><time>2025-05-20T20:03:45Z</time><speed>21.061337</speed><course>357.950012</course></trkpt>
		<trkpt lat="47.585636" lon="-122.319954"><time>2025-05-20T20:03:46Z</time><speed>21.133360</speed><course>357.579987</course></trkpt>
		<trkpt lat="47.585832" lon="-122.319971"><time>2025-05-20T20:03:47Z</time><speed>21.179659</speed><course>357.760010</course></trkpt>
		<trkpt lat="47.586027" lon="-122.319971"><time>2025-05-20T20:03:48Z</time><speed>21.200237</speed><course>358.049988</course></trkpt>
		<trkpt lat="47.586222" lon="-122.319987"><time>2025-05-20T20:03:49Z</time><speed>21.874159</speed><course>356.859985</course></trkpt>
		<trkpt lat="47.586418" lon="-122.320003"><time>2025-05-20T20:03:50Z</time><speed>21.668381</speed><course>357.690002</course></trkpt>
		<trkpt lat="47.586613" lon="-122.320003"><time>2025-05-20T20:03:51Z</time><speed>21.205382</speed><course>357.829987</course></trkpt>
		<trkpt lat="47.586800" lon="-122.320020"><time>2025-05-20T20:03:52Z</time><speed>21.107637</speed><course>357.380005</course></trkpt>
		<trkpt lat="47.586987" lon="-122.320036"><time>2025-05-20T20:03:53Z</time><speed>20.804115</speed><course>356.619995</course></trkpt>
		<trkpt lat="47.587174" lon="-122.320052"><time>2025-05-20T20:03:54Z</time><speed>21.128215</speed><course>357.640015</course></trkpt>
		<trkpt lat="47.587370" lon="-122.320052"><time>2025-05-20T20:03:55Z</time><speed>21.539770</speed><course>358.869995</course></trkpt>
		<trkpt lat="47.587565" lon="-122.320052"><time>2025-05-20T20:03:56Z</time><speed>22.193114</speed><course>358.459991</course></trkpt>
		<trkpt lat="47.587769" lon="-122.320068"><time>2025-05-20T20:03:57Z</time><speed>22.614958</speed><course>357.779999</course></trkpt>
		<trkpt lat="47.587972" lon="-122.320085"><time>2025-05-20T20:03:58Z</time><speed>22.625247</speed><course>356.859985</course></trkpt>
		<trkpt lat="47.588175" lon="-122.320101"><time>2025-05-20T20:03:59Z</time><speed>22.815591</speed><course>355.489990</course></trkpt>
		<trkpt lat="47.588363" lon="-122.320133"><time>2025-05-20T20:04:00Z</time><speed>22.918480</speed><course>354.079987</course></trkpt>
		<trkpt lat="47.588558" lon="-122.320150"><time>2025-05-20T20:04:01Z</time><speed>21.277404</speed><course>353.589996</course></trkpt>
		<trkpt lat="47.588745" lon="-122.320199"><time>2025-05-20T20:04:02Z</time><speed>21.076771</speed><course>352.109985</course></trkpt>
		<trkpt lat="47.588932" lon="-122.320231"><time>2025-05-20T20:04:03Z</time><speed>21.323704</speed><course>350.820007</course></trkpt>
		<trkpt lat="47.589119" lon="-122.320280"><time>2025-05-20T20:04:04Z</time><speed>20.994460</speed><course>350.440002</course></trkpt>
		<trkpt lat="47.589299" lon="-122.320329"><time>2025-05-20T20:04:05Z</time><speed>20.654927</speed><course>350.519989</course></trkpt>
		<trkpt lat="47.589469" lon="-122.320361"><time>2025-05-20T20:04:06Z</time><speed>19.682627</speed><course>351.570007</course></trkpt>
		<trkpt lat="47.589648" lon="-122.320410"><time>2025-05-20T20:04:07Z</time><speed>19.708350</speed><course>351.839996</course></trkpt>
		<trkpt lat="47.589819" lon="-122.320443"><time>2025-05-20T20:04:08Z</time><speed>19.718639</speed><course>352.790009</course></trkpt>
		<trkpt lat="47.590007" lon="-122.320475"><time>2025-05-20T20:04:09Z</time><speed>20.912149</speed><course>354.820007</course></trkpt>
		<trkpt lat="47.590202" lon="-122.320492"><time>2025-05-20T20:04:10Z</time><speed>21.354570</speed><course>358.459991</course></trkpt>
		<trkpt lat="47.590397" lon="-122.320492"><time>2025-05-20T20:04:11Z</time><speed>21.961614</speed><course>1.860000</course></trkpt>
		<trkpt lat="47.590592" lon="-122.320475"><time>2025-05-20T20:04:12Z</time><speed>21.833003</speed><course>4.680000</course></trkpt>
		<trkpt lat="47.590788" lon="-122.320443"><time>2025-05-20T20:04:13Z</time><speed>22.157103</speed><course>6.940000</course></trkpt>
		<trkpt lat="47.590983" lon="-122.320394"><time>2025-05-20T20:04:14Z</time><speed>22.352592</speed><course>8.280000</course></trkpt>
		<trkpt lat="47.591170" lon="-122.320361"><time>2025-05-20T20:04:15Z</time><speed>21.411159</speed><course>7.970000</course></trkpt>
		<trkpt lat="47.591366" lon="-122.320312"><time>2025-05-20T20:04:16Z</time><speed>21.493470</speed><course>7.580000</course></trkpt>
		<trkpt lat="47.591561" lon="-122.320280"><time>2025-05-20T20:04:17Z</time><speed>21.622081</speed><course>8.060000</course></trkpt>
		<trkpt lat="47.591756" lon="-122.320247"><time>2025-05-20T20:04:18Z</time><speed>21.493470</speed><course>7.520000</course></trkpt>
		<trkpt lat="47.591943" lon="-122.320215"><time>2025-05-20T20:04:19Z</time><speed>21.375148</speed><course>7.380000</course></trkpt>
		<trkpt lat="47.592131" lon="-122.320166"><time>2025-05-20T20:04:20Z</time><speed>20.788682</speed><course>7.790000</course></trkpt>
		<trkpt lat="47.592310" lon="-122.320150"><time>2025-05-20T20:04:21Z</time><speed>20.582904</speed><course>7.410000</course></trkpt>
		<trkpt lat="47.592489" lon="-122.320117"><time>2025-05-20T20:04:22Z</time><speed>20.109616</speed><course>7.010000</course></trkpt>
		<trkpt lat="47.592668" lon="-122.320085"><time>2025-05-20T20:04:23Z</time><speed>19.703205</speed><course>7.530000</course></trkpt>
		<trkpt lat="47.592839" lon="-122.320052"><time>2025-05-20T20:04:24Z</time><speed>19.708350</speed><course>9.010000</course></trkpt>
		<trkpt lat="47.593018" lon="-122.320003"><time>2025-05-20T20:04:25Z</time><speed>19.739216</speed><course>11.900000</course></trkpt>
		<trkpt lat="47.593188" lon="-122.319938"><time>2025-05-20T20:04:26Z</time><speed>19.836961</speed><course>16.879999</course></trkpt>
		<trkpt lat="47.593359" lon="-122.319840"><time>2025-05-20T20:04:27Z</time><speed>20.078749</speed><course>22.370001</course></trkpt>
		<trkpt lat="47.593522" lon="-122.319727"><time>2025-05-20T20:04:28Z</time><speed>20.099327</speed><course>29.020000</course></trkpt>
		<trkpt lat="47.593669" lon="-122.319580"><time>2025-05-20T20:04:29Z</time><speed>20.444005</speed><course>34.250000</course></trkpt>
		<trkpt lat="47.593815" lon="-122.319417"><time>2025-05-20T20:04:30Z</time><speed>20.567471</speed><course>39.250000</course></trkpt>
		<trkpt lat="47.593953" lon="-122.319238"><time>2025-05-20T20:04:31Z</time><speed>20.469727</speed><course>43.990002</course></trkpt>
		<trkpt lat="47.594076" lon="-122.319043"><time>2025-05-20T20:04:32Z</time><speed>20.202216</speed><course>49.840000</course></trkpt>
		<trkpt lat="47.594189" lon="-122.318831"><time>2025-05-20T20:04:33Z</time><speed>20.197071</speed><course>55.959999</course></trkpt>
		<trkpt lat="47.594279" lon="-122.318587"><time>2025-05-20T20:04:34Z</time><speed>20.305105</speed><course>61.590000</course></trkpt>
		<trkpt lat="47.594360" lon="-122.318343"><time>2025-05-20T20:04:35Z</time><speed>20.238227</speed><course>65.059998</course></trkpt>
		<trkpt lat="47.594434" lon="-122.318099"><time>2025-05-20T20:04:36Z</time><speed>21.117926</speed><course>66.349998</course></trkpt>
		<trkpt lat="47.594507" lon="-122.317839"><time>2025-05-20T20:04:37Z</time><speed>21.153937</speed><course>67.379997</course></trkpt>
		<trkpt lat="47.594580" lon="-122.317578"><time>2025-05-20T20:04:38Z</time><speed>21.539770</speed><course>67.769997</course></trkpt>
		<trkpt lat="47.594661" lon="-122.317301"><time>2025-05-20T20:04:39Z</time><speed>22.357736</speed><course>67.779999</course></trkpt>
		<trkpt lat="47.594735" lon="-122.317025"><time>2025-05-20T20:04:40Z</time><speed>22.609814</speed><course>68.559998</course></trkpt>
		<trkpt lat="47.594800" lon="-122.316732"><time>2025-05-20T20:04:41Z</time><speed>22.774436</speed><course>71.779999</course></trkpt>
		<trkpt lat="47.594849" lon="-122.316439"><time>2025-05-20T20:04:42Z</time><speed>22.933914</speed><course>78.529999</course></trkpt>
		<trkpt lat="47.594873" lon="-122.316130"><time>2025-05-20T20:04:43Z</time><speed>23.782746</speed><course>84.699997</course></trkpt>
		<trkpt lat="47.594881" lon="-122.315788"><time>2025-05-20T20:04:44Z</time><speed>24.173724</speed><course>87.720001</course></trkpt>
		<trkpt lat="47.594873" lon="-122.315479"><time>2025-05-20T20:04:45Z</time><speed>23.566680</speed><course>94.080002</course></trkpt>
		<trkpt lat="47.594840" lon="-122.315169"><time>2025-05-20T20:04:46Z</time><speed>23.119113</speed><course>100.180000</course></trkpt>
		<trkpt lat="47.594784" lon="-122.314860"><time>2025-05-20T20:04:47Z</time><speed>23.139691</speed><course>107.160004</course></trkpt>
		<trkpt lat="47.594710" lon="-122.314567"><time>2025-05-20T20:04:48Z</time><speed>23.412346</speed><course>112.019997</course></trkpt>
		<trkpt lat="47.594621" lon="-122.314274"><time>2025-05-20T20:04:49Z</time><speed>23.170558</speed><course>117.180000</course></trkpt>
		<trkpt lat="47.594507" lon="-122.313997"><time>2025-05-20T20:04:50Z</time><speed>24.194301</speed><course>120.720001</course></trkpt>
		<trkpt lat="47.594385" lon="-122.313737"><time>2025-05-20T20:04:51Z</time><speed>24.312623</speed><course>125.959999</course></trkpt>
		<trkpt lat="47.594238" lon="-122.313477"><time>2025-05-20T20:04:52Z</time><speed>24.775623</speed><course>132.479996</course></trkpt>
		<trkpt lat="47.594076" lon="-122.313232"><time>2025-05-20T20:04:53Z</time><speed>24.688168</speed><course>136.199997</course></trkpt>
		<trkpt lat="47.593880" lon="-122.313037"><time>2025-05-20T20:04:54Z</time><speed>24.693312</speed><course>143.570007</course></trkpt>
		<trkpt lat="47.593669" lon="-122.312858"><time>2025-05-20T20:04:55Z</time><speed>24.857934</speed><course>149.740005</course></trkpt>
		<trkpt lat="47.593465" lon="-122.312695"><time>2025-05-20T20:04:56Z</time><speed>24.945390</speed><course>152.910004</course></trkpt>
		<trkpt lat="47.593254" lon="-122.312549"><time>2025-05-20T20:04:57Z</time><speed>25.650178</speed><course>154.449997</course></trkpt>
		<trkpt lat="47.593042" lon="-122.312402"><time>2025-05-20T20:04:58Z</time><speed>25.979422</speed><course>153.770004</course></trkpt>
		<trkpt lat="47.592822" lon="-122.312256"><time>2025-05-20T20:04:59Z</time><speed>26.375544</speed><course>153.139999</course></trkpt>
		<trkpt lat="47.592611" lon="-122.312093"><time>2025-05-20T20:05:00Z</time><speed>26.349822</speed><course>152.580002</course></trkpt>
		<trkpt lat="47.592399" lon="-122.311930"><time>2025-05-20T20:05:01Z</time><speed>26.540166</speed><course>152.539993</course></trkpt>
		<trkpt lat="47.592188" lon="-122.311768"><time>2025-05-20T20:05:02Z</time><speed>25.989711</speed><course>152.529999</course></trkpt>
		<trkpt lat="47.591976" lon="-122.311605"><time>2025-05-20T20:05:03Z</time><speed>26.277800</speed><course>152.759995</course></trkpt>
		<trkpt lat="47.591764" lon="-122.311458"><time>2025-05-20T20:05:04Z</time><speed>26.416699</speed><course>152.229996</course></trkpt>
		<trkpt lat="47.591553" lon="-122.311279"><time>2025-05-20T20:05:05Z</time><speed>26.720221</speed><course>150.710007</course></trkpt>
		<trkpt lat="47.591341" lon="-122.311100"><time>2025-05-20T20:05:06Z</time><speed>27.080332</speed><course>147.899994</course></trkpt>
		<trkpt lat="47.591138" lon="-122.310889"><time>2025-05-20T20:05:07Z</time><speed>27.764543</speed><course>144.850006</course></trkpt>
		<trkpt lat="47.590934" lon="-122.310661"><time>2025-05-20T20:05:08Z</time><speed>28.289276</speed><course>139.830002</course></trkpt>
		<trkpt lat="47.590747" lon="-122.310400"><time>2025-05-20T20:05:09Z</time><speed>28.685397</speed><course>135.460007</course></trkpt>
		<trkpt lat="47.590560" lon="-122.310124"><time>2025-05-20T20:05:10Z</time><speed>28.870597</speed><course>131.479996</course></trkpt>
		<trkpt lat="47.590397" lon="-122.309831"><time>2025-05-20T20:05:11Z</time><speed>28.597942</speed><course>125.849998</course></trkpt>
		<trkpt lat="47.590259" lon="-122.309505"><time>2025-05-20T20:05:12Z</time><speed>28.988919</speed><course>119.930000</course></trkpt>
		<trkpt lat="47.590145" lon="-122.309163"><time>2025-05-20T20:05:13Z</time><speed>28.258409</speed><course>114.760002</course></trkpt>
		<trkpt lat="47.590055" lon="-122.308822"><time>2025-05-20T20:05:14Z</time><speed>28.417887</speed><course>110.150002</course></trkpt>
		<trkpt lat="47.589982" lon="-122.308447"><time>2025-05-20T20:05:15Z</time><speed>28.294420</speed><course>104.690002</course></trkpt>
		<trkpt lat="47.589925" lon="-122.308089"><time>2025-05-20T20:05:16Z</time><speed>27.697665</speed><course>99.389999</course></trkpt>
		<trkpt lat="47.589909" lon="-122.307715"><time>2025-05-20T20:05:17Z</time><speed>27.867431</speed><course>91.730003</course></trkpt>
		<trkpt lat="47.589901" lon="-122.307357"><time>2025-05-20T20:05:18Z</time><speed>27.507321</speed><course>90.669998</course></trkpt>
		<trkpt lat="47.589901" lon="-122.306982"><time>2025-05-20T20:05:19Z</time><speed>27.543332</speed><course>89.930000</course></trkpt>
		<trkpt lat="47.589909" lon="-122.306624"><time>2025-05-20T20:05:20Z</time><speed>26.426988</speed><course>89.750000</course></trkpt>
		<trkpt lat="47.589909" lon="-122.306283"><time>2025-05-20T20:05:21Z</time><speed>25.794222</speed><course>90.279999</course></trkpt>
		<trkpt lat="47.589909" lon="-122.305941"><time>2025-05-20T20:05:22Z</time><speed>25.408389</speed><course>90.239998</course></trkpt>
		<trkpt lat="47.589917" lon="-122.305599"><time>2025-05-20T20:05:23Z</time><speed>25.130589</speed><course>89.750000</course></trkpt>
		<trkpt lat="47.589917" lon="-122.305273"><time>2025-05-20T20:05:24Z</time><speed>24.842501</speed><course>89.300003</course></trkpt>
		<trkpt lat="47.589925" lon="-122.304932"><time>2025-05-20T20:05:25Z</time><speed>24.749901</speed><course>89.339996</course></trkpt>
		<trkpt lat="47.589925" lon="-122.304606"><time>2025-05-20T20:05:26Z</time><speed>24.744756</speed><course>89.599998</course></trkpt>
		<trkpt lat="47.589933" lon="-122.304281"><time>2025-05-20T20:05:27Z</time><speed>24.729323</speed><course>89.400002</course></trkpt>
		<trkpt lat="47.589941" lon="-122.303939"><time>2025-05-20T20:05:28Z</time><speed>24.729323</speed><course>88.959999</course></trkpt>
		<trkpt lat="47.589941" lon="-122.303613"><time>2025-05-20T20:05:29Z</time><speed>24.600712</speed><course>88.910004</course></trkpt>
		<trkpt lat="47.589950" lon="-122.303288"><time>2025-05-20T20:05:30Z</time><speed>24.127424</speed><course>88.599998</course></trkpt>
		<trkpt lat="47.589958" lon="-122.302979"><time>2025-05-20T20:05:31Z</time><speed>23.875346</speed><course>88.489998</course></trkpt>
		<trkpt lat="47.589966" lon="-122.302653"><time>2025-05-20T20:05:32Z</time><speed>24.003957</speed><course>89.040001</course></trkpt>
		<trkpt lat="47.589974" lon="-122.302344"><time>2025-05-20T20:05:33Z</time><speed>24.019390</speed><course>89.459999</course></trkpt>
		<trkpt lat="47.589974" lon="-122.302018"><time>2025-05-20T20:05:34Z</time><speed>23.988524</speed><course>89.239998</course></trkpt>
		<trkpt lat="47.589982" lon="-122.301709"><time>2025-05-20T20:05:35Z</time><speed>23.762168</speed><course>88.389999</course></trkpt>
		<trkpt lat="47.589990" lon="-122.301383"><time>2025-05-20T20:05:36Z</time><speed>23.746735</speed><course>87.519997</course></trkpt>
		<trkpt lat="47.590007" lon="-122.301074"><time>2025-05-20T20:05:37Z</time><speed>23.772457</speed><course>86.919998</course></trkpt>
		<trkpt lat="47.590015" lon="-122.300749"><time>2025-05-20T20:05:38Z</time><speed>23.793035</speed><course>86.860001</course></trkpt>
		<trkpt lat="47.590031" lon="-122.300439"><time>2025-05-20T20:05:39Z</time><speed>23.803324</speed><course>86.860001</course></trkpt>
		<trkpt lat="47.590039" lon="-122.300130"><time>2025-05-20T20:05:40Z</time><speed>23.664424</speed><course>87.099998</course></trkpt>
		<trkpt lat="47.590047" lon="-122.299821"><time>2025-05-20T20:05:41Z</time><speed>23.659280</speed><course>87.110001</course></trkpt>
		<trkpt lat="47.590055" lon="-122.299512"><time>2025-05-20T20:05:42Z</time><speed>23.654135</speed><course>87.139999</course></trkpt>
		<trkpt lat="47.590072" lon="-122.299186"><time>2025-05-20T20:05:43Z</time><speed>23.659280</speed><course>87.180000</course></trkpt>
		<trkpt lat="47.589933" lon="-122.287679"><time>2025-05-20T20:06:14Z</time><speed>25.732489</speed><course>74.580002</course></trkpt>
		<trkpt lat="47.589958" lon="-122.287402"><time>2025-05-20T20:06:15Z</time><speed>26.936288</speed><course>76.120003</course></trkpt>
		<trkpt lat="47.589950" lon="-122.287028"><time>2025-05-20T20:06:16Z</time><speed>27.851998</speed><course>81.620003</course></trkpt>
		<trkpt lat="47.589941" lon="-122.286621"><time>2025-05-20T20:06:17Z</time><speed>27.918876</speed><course>91.160004</course></trkpt>
		<trkpt lat="47.589933" lon="-122.286247"><time>2025-05-20T20:06:18Z</time><speed>27.610209</speed><course>91.559998</course></trkpt>
		<trkpt lat="47.589925" lon="-122.285889"><time>2025-05-20T20:06:19Z</time><speed>27.337554</speed><course>91.980003</course></trkpt>
		<trkpt lat="47.589917" lon="-122.285531"><time>2025-05-20T20:06:20Z</time><speed>27.461021</speed><course>92.660004</course></trkpt>
		<trkpt lat="47.589909" lon="-122.285173"><time>2025-05-20T20:06:21Z</time><speed>27.697665</speed><course>92.709999</course></trkpt>
		<trkpt lat="47.589901" lon="-122.284814"><time>2025-05-20T20:06:22Z</time><speed>27.733676</speed><course>92.610001</course></trkpt>
		<trkpt lat="47.589893" lon="-122.284456"><time>2025-05-20T20:06:23Z</time><speed>27.584487</speed><course>92.459999</course></trkpt>
		<trkpt lat="47.589884" lon="-122.284098"><time>2025-05-20T20:06:24Z</time><speed>27.461021</speed><course>91.580002</course></trkpt>
		<trkpt lat="47.589884" lon="-122.283740"><time>2025-05-20T20:06:25Z</time><speed>27.425010</speed><course>92.110001</course></trkpt>
		<trkpt lat="47.589876" lon="-122.283366"><time>2025-05-20T20:06:26Z</time><speed>27.805698</speed><course>92.339996</course></trkpt>
		<trkpt lat="47.589868" lon="-122.283008"><time>2025-05-20T20:06:27Z</time><speed>27.898298</speed><course>92.209999</course></trkpt>
		<trkpt lat="47.589860" lon="-122.282633"><time>2025-05-20T20:06:28Z</time><speed>28.026909</speed><course>91.800003</course></trkpt>
		<trkpt lat="47.589852" lon="-122.282259"><time>2025-05-20T20:06:29Z</time><speed>28.777997</speed><course>92.410004</course></trkpt>
		<trkpt lat="47.589844" lon="-122.281885"><time>2025-05-20T20:06:30Z</time><speed>28.556786</speed><course>92.230003</course></trkpt>
		<trkpt lat="47.589836" lon="-122.281494"><time>2025-05-20T20:06:31Z</time><speed>29.302730</speed><course>92.129997</course></trkpt>
		<trkpt lat="47.589827" lon="-122.281104"><time>2025-05-20T20:06:32Z</time><speed>29.107242</speed><course>92.309998</course></trkpt>
		<trkpt lat="47.589819" lon="-122.280745"><time>2025-05-20T20:06:33Z</time><speed>29.287297</speed><course>91.879997</course></trkpt>
		<trkpt lat="47.589811" lon="-122.280355"><time>2025-05-20T20:06:34Z</time><speed>28.685397</speed><course>91.709999</course></trkpt>
		<trkpt lat="47.589803" lon="-122.279980"><time>2025-05-20T20:06:35Z</time><speed>28.901464</speed><course>91.800003</course></trkpt>
		<trkpt lat="47.589795" lon="-122.279590"><time>2025-05-20T20:06:36Z</time><speed>29.009497</speed><course>91.879997</course></trkpt>
		<trkpt lat="47.589787" lon="-122.279199"><time>2025-05-20T20:06:37Z</time><speed>28.988919</speed><course>91.919998</course></trkpt>
		<trkpt lat="47.589779" lon="-122.278825"><time>2025-05-20T20:06:38Z</time><speed>29.132964</speed><course>91.680000</course></trkpt>
		<trkpt lat="47.589771" lon="-122.278434"><time>2025-05-20T20:06:39Z</time><speed>29.400475</speed><course>91.690002</course></trkpt>
		<trkpt lat="47.589762" lon="-122.278027"><time>2025-05-20T20:06:40Z</time><speed>29.683419</speed><course>92.070000</course></trkpt>
		<trkpt lat="47.589754" lon="-122.277637"><time>2025-05-20T20:06:41Z</time><speed>29.981796</speed><course>92.050003</course></trkpt>
		<trkpt lat="47.589746" lon="-122.277230"><time>2025-05-20T20:06:42Z</time><speed>30.264741</speed><course>92.000000</course></trkpt>
		<trkpt lat="47.589738" lon="-122.276839"><time>2025-05-20T20:06:43Z</time><speed>30.434507</speed><course>92.040001</course></trkpt>
		<trkpt lat="47.589722" lon="-122.276432"><time>2025-05-20T20:06:44Z</time><speed>30.629996</speed><course>91.809998</course></trkpt>
		<trkpt lat="47.589714" lon="-122.276009"><time>2025-05-20T20:06:45Z</time><speed>30.897507</speed><course>91.870003</course></trkpt>
		<trkpt lat="47.589705" lon="-122.275602"><time>2025-05-20T20:06:46Z</time><speed>31.026118</speed><course>91.930000</course></trkpt>
		<trkpt lat="47.589697" lon="-122.275195"><time>2025-05-20T20:06:47Z</time><speed>31.051840</speed><course>91.730003</course></trkpt>
		<trkpt lat="47.589689" lon="-122.274788"><time>2025-05-20T20:06:48Z</time><speed>31.098140</speed><course>91.690002</course></trkpt>
		<trkpt lat="47.589681" lon="-122.274382"><time>2025-05-20T20:06:49Z</time><speed>30.377918</speed><course>91.910004</course></trkpt>
		<trkpt lat="47.589673" lon="-122.273975"><time>2025-05-20T20:06:50Z</time><speed>30.336763</speed><course>92.089996</course></trkpt>
		<trkpt lat="47.589657" lon="-122.273568"><time>2025-05-20T20:06:51Z</time><speed>30.311040</speed><course>92.120003</course></trkpt>
		<trkpt lat="47.589648" lon="-122.273161"><time>2025-05-20T20:06:52Z</time><speed>30.316185</speed><course>91.919998</course></trkpt>
		<trkpt lat="47.589640" lon="-122.272770"><time>2025-05-20T20:06:53Z</time><speed>30.290463</speed><course>91.889999</course></trkpt>
		<trkpt lat="47.589632" lon="-122.272363"><time>2025-05-20T20:06:54Z</time><speed>30.161852</speed><course>91.879997</course></trkpt>
		<trkpt lat="47.589624" lon="-122.271956"><time>2025-05-20T20:06:55Z</time><speed>30.130985</speed><course>91.870003</course></trkpt>
		<trkpt lat="47.589608" lon="-122.271566"><time>2025-05-20T20:06:56Z</time><speed>30.115552</speed><course>91.889999</course></trkpt>
		<trkpt lat="47.589600" lon="-122.271159"><time>2025-05-20T20:06:57Z</time><speed>30.105263</speed><course>91.839996</course></trkpt>
		<trkpt lat="47.589591" lon="-122.270752"><time>2025-05-20T20:06:58Z</time><speed>30.064107</speed><course>91.680000</course></trkpt>
		<trkpt lat="47.589583" lon="-122.270361"><time>2025-05-20T20:06:59Z</time><speed>29.703997</speed><course>91.830002</course></trkpt>
		<trkpt lat="47.589575" lon="-122.269971"><time>2025-05-20T20:07:00Z</time><speed>29.518797</speed><course>92.010002</course></trkpt>
		<trkpt lat="47.589567" lon="-122.269580"><time>2025-05-20T20:07:01Z</time><speed>29.302730</speed><course>91.830002</course></trkpt>
		<trkpt lat="47.589559" lon="-122.269189"><time>2025-05-20T20:07:02Z</time><speed>29.071230</speed><course>92.010002</course></trkpt>
		<trkpt lat="47.589551" lon="-122.268799"><time>2025-05-20T20:07:03Z</time><speed>28.973486</speed><course>92.089996</course></trkpt>
		<trkpt lat="47.589543" lon="-122.268424"><time>2025-05-20T20:07:04Z</time><speed>28.947764</speed><course>91.860001</course></trkpt>
		<trkpt lat="47.589535" lon="-122.268034"><time>2025-05-20T20:07:05Z</time><speed>29.035219</speed><course>91.870003</course></trkpt>
		<trkpt lat="47.589526" lon="-122.267643"><time>2025-05-20T20:07:06Z</time><speed>29.040364</speed><course>91.860001</course></trkpt>
		<trkpt lat="47.589518" lon="-122.267269"><time>2025-05-20T20:07:07Z</time><speed>28.947764</speed><course>91.940002</course></trkpt>
		<trkpt lat="47.589510" lon="-122.266878"><time>2025-05-20T20:07:08Z</time><speed>28.952908</speed><course>92.000000</course></trkpt>
		<trkpt lat="47.589502" lon="-122.266504"><time>2025-05-20T20:07:09Z</time><speed>28.546498</speed><course>91.779999</course></trkpt>
		<trkpt lat="47.589494" lon="-122.266130"><time>2025-05-20T20:07:10Z</time><speed>28.705975</speed><course>91.849998</course></trkpt>
		<trkpt lat="47.589478" lon="-122.265755"><time>2025-05-20T20:07:11Z</time><speed>28.608231</speed><course>91.879997</course></trkpt>
		<trkpt lat="47.589469" lon="-122.265381"><time>2025-05-20T20:07:12Z</time><speed>28.531064</speed><course>91.930000</course></trkpt>
		<trkpt lat="47.589461" lon="-122.264990"><time>2025-05-20T20:07:13Z</time><speed>28.474475</speed><course>91.889999</course></trkpt>
		<trkpt lat="47.589453" lon="-122.264616"><time>2025-05-20T20:07:14Z</time><speed>28.623664</speed><course>91.980003</course></trkpt>
		<trkpt lat="47.589445" lon="-122.264242"><time>2025-05-20T20:07:15Z</time><speed>28.999208</speed><course>91.989998</course></trkpt>
		<trkpt lat="47.589437" lon="-122.263851"><time>2025-05-20T20:07:16Z</time><speed>29.277008</speed><course>91.830002</course></trkpt>
		<trkpt lat="47.589429" lon="-122.263460"><time>2025-05-20T20:07:17Z</time><speed>29.040364</speed><course>91.849998</course></trkpt>
		<trkpt lat="47.589421" lon="-122.263070"><time>2025-05-20T20:07:18Z</time><speed>29.199841</speed><course>91.839996</course></trkpt>
		<trkpt lat="47.589412" lon="-122.262695"><time>2025-05-20T20:07:19Z</time><speed>28.659675</speed><course>91.889999</course></trkpt>
		<trkpt lat="47.589404" lon="-122.262321"><time>2025-05-20T20:07:20Z</time><speed>28.633953</speed><course>91.940002</course></trkpt>
		<trkpt lat="47.589396" lon="-122.261930"><time>2025-05-20T20:07:21Z</time><speed>28.757420</speed><course>92.010002</course></trkpt>
		<trkpt lat="47.589388" lon="-122.261556"><time>2025-05-20T20:07:22Z</time><speed>28.767708</speed><course>91.860001</course></trkpt>
		<trkpt lat="47.589380" lon="-122.261165"><time>2025-05-20T20:07:23Z</time><speed>28.777997</speed><course>91.849998</course></trkpt>
		<trkpt lat="47.589372" lon="-122.260791"><time>2025-05-20T20:07:24Z</time><speed>29.019786</speed><course>91.860001</course></trkpt>
		<trkpt lat="47.589364" lon="-122.260400"><time>2025-05-20T20:07:25Z</time><speed>29.462208</speed><course>91.959999</course></trkpt>
		<trkpt lat="47.589355" lon="-122.260010"><time>2025-05-20T20:07:26Z</time><speed>29.297586</speed><course>91.900002</course></trkpt>
		<trkpt lat="47.589339" lon="-122.259603"><time>2025-05-20T20:07:27Z</time><speed>30.259596</speed><course>91.989998</course></trkpt>
		<trkpt lat="47.589331" lon="-122.259196"><time>2025-05-20T20:07:28Z</time><speed>30.460229</speed><course>91.930000</course></trkpt>
		<trkpt lat="47.589323" lon="-122.258789"><time>2025-05-20T20:07:29Z</time><speed>30.192718</speed><course>92.040001</course></trkpt>
		<trkpt lat="47.589315" lon="-122.258398"><time>2025-05-20T20:07:30Z</time><speed>30.449940</speed><course>92.000000</course></trkpt>
		<trkpt lat="47.589307" lon="-122.258008"><time>2025-05-20T20:07:31Z</time><speed>29.158686</speed><course>91.839996</course></trkpt>
		<trkpt lat="47.589299" lon="-122.257617"><time>2025-05-20T20:07:32Z</time><speed>29.004353</speed><course>92.000000</course></trkpt>
		<trkpt lat="47.589282" lon="-122.257243"><time>2025-05-20T20:07:33Z</time><speed>29.091808</speed><course>92.080002</course></trkpt>
		<trkpt lat="47.589274" lon="-122.256852"><time>2025-05-20T20:07:34Z</time><speed>28.952908</speed><course>91.910004</course></trkpt>
		<trkpt lat="47.589266" lon="-122.256462"><time>2025-05-20T20:07:35Z</time><speed>28.582509</speed><course>91.739998</course></trkpt>
		<trkpt lat="47.589258" lon="-122.256087"><time>2025-05-20T20:07:36Z</time><speed>28.448753</speed><course>92.180000</course></trkpt>
		<trkpt lat="47.589250" lon="-122.255713"><time>2025-05-20T20:07:37Z</time><speed>28.453898</speed><course>92.309998</course></trkpt>
		<trkpt lat="47.589233" lon="-122.255339"><time>2025-05-20T20:07:38Z</time><speed>28.001187</speed><course>92.309998</course></trkpt>
		<trkpt lat="47.589225" lon="-122.254964"><time>2025-05-20T20:07:39Z</time><speed>27.502176</speed><course>92.300003</course></trkpt>
		<trkpt lat="47.589217" lon="-122.254606"><time>2025-05-20T20:07:40Z</time><speed>27.337554</speed><course>91.790001</course></trkpt>
		<trkpt lat="47.589209" lon="-122.254232"><time>2025-05-20T20:07:41Z</time><speed>27.512465</speed><course>90.699997</course></trkpt>
		<trkpt lat="47.589209" lon="-122.253874"><time>2025-05-20T20:07:42Z</time><speed>27.517610</speed><course>88.910004</course></trkpt>
		<trkpt lat="47.589225" lon="-122.253499"><time>2025-05-20T20:07:43Z</time><speed>27.244954</speed><course>85.510002</course></trkpt>
		<trkpt lat="47.589250" lon="-122.253158"><time>2025-05-20T20:07:44Z</time><speed>26.745944</speed><course>82.959999</course></trkpt>
		<trkpt lat="47.589282" lon="-122.252799"><time>2025-05-20T20:07:45Z</time><speed>26.354966</speed><course>80.720001</course></trkpt>
		<trkpt lat="47.589331" lon="-122.252458"><time>2025-05-20T20:07:46Z</time><speed>26.360111</speed><course>77.610001</course></trkpt>
		<trkpt lat="47.589388" lon="-122.252116"><time>2025-05-20T20:07:47Z</time><speed>26.282944</speed><course>75.239998</course></trkpt>
		<trkpt lat="47.589453" lon="-122.251758"><time>2025-05-20T20:07:48Z</time><speed>27.821132</speed><course>71.430000</course></trkpt>
		<trkpt lat="47.589543" lon="-122.251416"><time>2025-05-20T20:07:49Z</time><speed>28.356153</speed><course>69.230003</course></trkpt>
		<trkpt lat="47.589640" lon="-122.251058"><time>2025-05-20T20:07:50Z</time><speed>28.469331</speed><course>66.160004</course></trkpt>
		<trkpt lat="47.589754" lon="-122.250716"><time>2025-05-20T20:07:51Z</time><speed>28.464187</speed><course>63.330002</course></trkpt>
		<trkpt lat="47.589876" lon="-122.250391"><time>2025-05-20T20:07:52Z</time><speed>28.880886</speed><course>60.520000</course></trkpt>
		<trkpt lat="47.590007" lon="-122.250065"><time>2025-05-20T20:07:53Z</time><speed>28.844875</speed><course>57.730000</course></trkpt>
		<trkpt lat="47.590153" lon="-122.249740"><time>2025-05-20T20:07:54Z</time><speed>28.911753</speed><course>56.299999</course></trkpt>
		<trkpt lat="47.590291" lon="-122.249430"><time>2025-05-20T20:07:55Z</time><speed>28.896319</speed><course>55.369999</course></trkpt>
		<trkpt lat="47.590438" lon="-122.249121"><time>2025-05-20T20:07:56Z</time><speed>28.232687</speed><course>55.490002</course></trkpt>
		<trkpt lat="47.590584" lon="-122.248812"><time>2025-05-20T20:07:57Z</time><speed>28.242976</speed><course>55.450001</course></trkpt>
		<trkpt lat="47.590723" lon="-122.248503"><time>2025-05-20T20:07:58Z</time><speed>28.325287</speed><course>55.400002</course></trkpt>
		<trkpt lat="47.590869" lon="-122.248193"><time>2025-05-20T20:07:59Z</time><speed>28.294420</speed><course>55.450001</course></trkpt>
		<trkpt lat="47.591024" lon="-122.247900"><time>2025-05-20T20:08:00Z</time><speed>28.273842</speed><course>54.919998</course></trkpt>
		<trkpt lat="47.591178" lon="-122.247559"><time>2025-05-20T20:08:01Z</time><speed>28.644242</speed><course>54.939999</course></trkpt>
		<trkpt lat="47.591325" lon="-122.247249"><time>2025-05-20T20:08:02Z</time><speed>28.639097</speed><course>55.029999</course></trkpt>
		<trkpt lat="47.591471" lon="-122.246940"><time>2025-05-20T20:08:03Z</time><speed>28.633953</speed><course>55.160000</course></trkpt>
		<trkpt lat="47.591610" lon="-122.246631"><time>2025-05-20T20:08:04Z</time><speed>28.623664</speed><course>55.320000</course></trkpt>
		<trkpt lat="47.591748" lon="-122.246305"><time>2025-05-20T20:08:05Z</time><speed>28.613375</speed><course>55.520000</course></trkpt>
		<trkpt lat="47.591895" lon="-122.245996"><time>2025-05-20T20:08:06Z</time><speed>28.608231</speed><course>55.730000</course></trkpt>
		<trkpt lat="47.590438" lon="-122.239290"><time>2025-05-20T20:08:24Z</time><speed>30.393352</speed><course>125.160004</course></trkpt>
		<trkpt lat="47.590291" lon="-122.239014"><time>2025-05-20T20:08:25Z</time><speed>30.799762</speed><course>127.639999</course></trkpt>
		<trkpt lat="47.590112" lon="-122.238688"><time>2025-05-20T20:08:26Z</time><speed>31.375940</speed><course>128.100006</course></trkpt>
		<trkpt lat="47.589917" lon="-122.238363"><time>2025-05-20T20:08:27Z</time><speed>31.797784</speed><course>129.050003</course></trkpt>
		<trkpt lat="47.589738" lon="-122.238037"><time>2025-05-20T20:08:28Z</time><speed>31.149584</speed><course>128.880005</course></trkpt>
		<trkpt lat="47.589567" lon="-122.237712"><time>2025-05-20T20:08:29Z</time><speed>31.031262</speed><course>128.080002</course></trkpt>
		<trkpt lat="47.589396" lon="-122.237386"><time>2025-05-20T20:08:30Z</time><speed>31.375940</speed><course>126.239998</course></trkpt>
		<trkpt lat="47.589233" lon="-122.237044"><time>2025-05-20T20:08:31Z</time><speed>31.406806</speed><course>124.800003</course></trkpt>
		<trkpt lat="47.589071" lon="-122.236702"><time>2025-05-20T20:08:32Z</time><speed>31.381084</speed><course>122.459999</course></trkpt>
		<trkpt lat="47.588932" lon="-122.236344"><time>2025-05-20T20:08:33Z</time><speed>31.262762</speed><course>120.129997</course></trkpt>
		<trkpt lat="47.588794" lon="-122.236003"><time>2025-05-20T20:08:34Z</time><speed>31.288484</speed><course>118.830002</course></trkpt>
		<trkpt lat="47.588672" lon="-122.235645"><time>2025-05-20T20:08:35Z</time><speed>29.318164</speed><course>116.779999</course></trkpt>
		<trkpt lat="47.588550" lon="-122.235303"><time>2025-05-20T20:08:36Z</time><speed>29.086664</speed><course>116.410004</course></trkpt>
		<trkpt lat="47.588428" lon="-122.234945"><time>2025-05-20T20:08:37Z</time><speed>29.210130</speed><course>116.529999</course></trkpt>
		<trkpt lat="47.588314" lon="-122.234603"><time>2025-05-20T20:08:38Z</time><speed>29.462208</speed><course>115.269997</course></trkpt>
		<trkpt lat="47.588192" lon="-122.234245"><time>2025-05-20T20:08:39Z</time><speed>29.899485</speed><course>116.900002</course></trkpt>
		<trkpt lat="47.588062" lon="-122.233903"><time>2025-05-20T20:08:40Z</time><speed>29.889196</speed><course>118.419998</course></trkpt>
		<trkpt lat="47.587939" lon="-122.233545"><time>2025-05-20T20:08:41Z</time><speed>29.235853</speed><course>118.110001</course></trkpt>
		<trkpt lat="47.587826" lon="-122.233203"><time>2025-05-20T20:08:42Z</time><speed>29.642263</speed><course>117.870003</course></trkpt>
		<trkpt lat="47.587712" lon="-122.232878"><time>2025-05-20T20:08:43Z</time><speed>28.320142</speed><course>117.500000</course></trkpt>
		<trkpt lat="47.587606" lon="-122.232536"><time>2025-05-20T20:08:44Z</time><speed>28.356153</speed><course>117.550003</course></trkpt>
		<trkpt lat="47.587500" lon="-122.232194"><time>2025-05-20T20:08:45Z</time><speed>28.489909</speed><course>116.849998</course></trkpt>
		<trkpt lat="47.587386" lon="-122.231852"><time>2025-05-20T20:08:46Z</time><speed>28.525920</speed><course>117.160004</course></trkpt>
		<trkpt lat="47.587264" lon="-122.231510"><time>2025-05-20T20:08:47Z</time><speed>28.294420</speed><course>116.839996</course></trkpt>
		<trkpt lat="47.587150" lon="-122.231169"><time>2025-05-20T20:08:48Z</time><speed>28.731697</speed><course>117.139999</course></trkpt>
		<trkpt lat="47.587020" lon="-122.230843"><time>2025-05-20T20:08:49Z</time><speed>28.721409</speed><course>119.370003</course></trkpt>
		<trkpt lat="47.586882" lon="-122.230518"><time>2025-05-20T20:08:50Z</time><speed>28.628809</speed><course>121.529999</course></trkpt>
		<trkpt lat="47.586735" lon="-122.230192"><time>2025-05-20T20:08:51Z</time><speed>28.520775</speed><course>123.360001</course></trkpt>
		<trkpt lat="47.586597" lon="-122.229883"><time>2025-05-20T20:08:52Z</time><speed>28.644242</speed><course>123.230003</course></trkpt>
		<trkpt lat="47.586450" lon="-122.229557"><time>2025-05-20T20:08:53Z</time><speed>29.261575</speed><course>122.739998</course></trkpt>
		<trkpt lat="47.586304" lon="-122.229232"><time>2025-05-20T20:08:54Z</time><speed>28.978631</speed><course>123.300003</course></trkpt>
		<trkpt lat="47.586157" lon="-122.228906"><time>2025-05-20T20:08:55Z</time><speed>29.503363</speed><course>123.639999</course></trkpt>
		<trkpt lat="47.586011" lon="-122.228581"><time>2025-05-20T20:08:56Z</time><speed>28.541353</speed><course>123.839996</course></trkpt>
		<trkpt lat="47.585872" lon="-122.228271"><time>2025-05-20T20:08:57Z</time><speed>27.028888</speed><course>124.169998</course></trkpt>
		<trkpt lat="47.585734" lon="-122.227979"><time>2025-05-20T20:08:58Z</time><speed>26.766521</speed><course>124.599998</course></trkpt>
		<trkpt lat="47.585596" lon="-122.227686"><time>2025-05-20T20:08:59Z</time><speed>26.462999</speed><course>125.000000</course></trkpt>
		<trkpt lat="47.585457" lon="-122.227409"><time>2025-05-20T20:09:00Z</time><speed>26.457855</speed><course>125.150002</course></trkpt>
		<trkpt lat="47.585319" lon="-122.227132"><time>2025-05-20T20:09:01Z</time><speed>26.056589</speed><course>126.320000</course></trkpt>
		<trkpt lat="47.585189" lon="-122.226855"><time>2025-05-20T20:09:02Z</time><speed>26.077166</speed><course>125.970001</course></trkpt>
		<trkpt lat="47.585083" lon="-122.226562"><time>2025-05-20T20:09:03Z</time><speed>25.819944</speed><course>123.370003</course></trkpt>
		<trkpt lat="47.584953" lon="-122.226302"><time>2025-05-20T20:09:04Z</time><speed>26.005144</speed><course>123.500000</course></trkpt>
		<trkpt lat="47.584814" lon="-122.226009"><time>2025-05-20T20:09:05Z</time><speed>26.313811</speed><course>123.739998</course></trkpt>
		<trkpt lat="47.584684" lon="-122.225716"><time>2025-05-20T20:09:06Z</time><speed>26.432133</speed><course>123.589996</course></trkpt>
		<trkpt lat="47.584554" lon="-122.225423"><time>2025-05-20T20:09:07Z</time><speed>26.313811</speed><course>123.000000</course></trkpt>
		<trkpt lat="47.584432" lon="-122.225146"><time>2025-05-20T20:09:08Z</time><speed>26.344677</speed><course>122.099998</course></trkpt>
		<trkpt lat="47.584302" lon="-122.224870"><time>2025-05-20T20:09:09Z</time><speed>24.461812</speed><course>121.639999</course></trkpt>
		<trkpt lat="47.584188" lon="-122.224593"><time>2025-05-20T20:09:10Z</time><speed>23.376335</speed><course>120.889999</course></trkpt>
		<trkpt lat="47.584082" lon="-122.224333"><time>2025-05-20T20:09:11Z</time><speed>22.342303</speed><course>121.040001</course></trkpt>
		<trkpt lat="47.583976" lon="-122.224089"><time>2025-05-20T20:09:12Z</time><speed>21.637515</speed><course>122.389999</course></trkpt>
		<trkpt lat="47.583879" lon="-122.223861"><time>2025-05-20T20:09:13Z</time><speed>20.958449</speed><course>122.430000</course></trkpt>
		<trkpt lat="47.583773" lon="-122.223633"><time>2025-05-20T20:09:14Z</time><speed>20.737238</speed><course>124.080002</course></trkpt>
		<trkpt lat="47.583667" lon="-122.223405"><time>2025-05-20T20:09:15Z</time><speed>20.341116</speed><course>123.519997</course></trkpt>
		<trkpt lat="47.583569" lon="-122.223177"><time>2025-05-20T20:09:16Z</time><speed>20.197071</speed><course>122.300003</course></trkpt>
		<trkpt lat="47.583472" lon="-122.222949"><time>2025-05-20T20:09:17Z</time><speed>20.217649</speed><course>122.199997</course></trkpt>
		<trkpt lat="47.583374" lon="-122.222721"><time>2025-05-20T20:09:18Z</time><speed>20.001583</speed><course>122.160004</course></trkpt>
		<trkpt lat="47.583268" lon="-122.222493"><time>2025-05-20T20:09:19Z</time><speed>21.246537</speed><course>122.239998</course></trkpt>
		<trkpt lat="47.583171" lon="-122.222249"><time>2025-05-20T20:09:20Z</time><speed>22.296003</speed><course>122.160004</course></trkpt>
		<trkpt lat="47.583065" lon="-122.221989"><time>2025-05-20T20:09:21Z</time><speed>23.170558</speed><course>121.419998</course></trkpt>
		<trkpt lat="47.582951" lon="-122.221729"><time>2025-05-20T20:09:22Z</time><speed>24.009101</speed><course>121.419998</course></trkpt>
		<trkpt lat="47.582845" lon="-122.221452"><time>2025-05-20T20:09:23Z</time><speed>24.029679</speed><course>121.220001</course></trkpt>
		<trkpt lat="47.582731" lon="-122.221191"><time>2025-05-20T20:09:24Z</time><speed>24.533834</speed><course>121.889999</course></trkpt>
		<trkpt lat="47.582617" lon="-122.220931"><time>2025-05-20T20:09:25Z</time><speed>24.703601</speed><course>121.529999</course></trkpt>
		<trkpt lat="47.582511" lon="-122.220671"><time>2025-05-20T20:09:26Z</time><speed>22.568658</speed><course>122.169998</course></trkpt>
		<trkpt lat="47.582406" lon="-122.220410"><time>2025-05-20T20:09:27Z</time><speed>22.537792</speed><course>121.480003</course></trkpt>
		<trkpt lat="47.582300" lon="-122.220166"><time>2025-05-20T20:09:28Z</time><speed>23.047091</speed><course>122.620003</course></trkpt>
		<trkpt lat="47.582194" lon="-122.219906"><time>2025-05-20T20:09:29Z</time><speed>23.726157</speed><course>123.339996</course></trkpt>
		<trkpt lat="47.582072" lon="-122.219645"><time>2025-05-20T20:09:30Z</time><speed>24.096557</speed><course>125.040001</course></trkpt>
		<trkpt lat="47.581942" lon="-122.219385"><time>2025-05-20T20:09:31Z</time><speed>24.065690</speed><course>125.260002</course></trkpt>
		<trkpt lat="47.581812" lon="-122.219124"><time>2025-05-20T20:09:32Z</time><speed>24.991690</speed><course>127.410004</course></trkpt>
		<trkpt lat="47.581665" lon="-122.218864"><time>2025-05-20T20:09:33Z</time><speed>25.264345</speed><course>130.500000</course></trkpt>
		<trkpt lat="47.581510" lon="-122.218620"><time>2025-05-20T20:09:34Z</time><speed>25.300356</speed><course>133.759995</course></trkpt>
		<trkpt lat="47.581348" lon="-122.218376"><time>2025-05-20T20:09:35Z</time><speed>25.434111</speed><course>136.050003</course></trkpt>
		<trkpt lat="47.581185" lon="-122.218148"><time>2025-05-20T20:09:36Z</time><speed>25.408389</speed><course>137.660004</course></trkpt>
		<trkpt lat="47.581014" lon="-122.217904"><time>2025-05-20T20:09:37Z</time><speed>25.326078</speed><course>136.940002</course></trkpt>
		<trkpt lat="47.580843" lon="-122.217676"><time>2025-05-20T20:09:38Z</time><speed>25.295211</speed><course>136.029999</course></trkpt>
		<trkpt lat="47.580680" lon="-122.217448"><time>2025-05-20T20:09:39Z</time><speed>25.336367</speed><course>135.710007</course></trkpt>
		<trkpt lat="47.580518" lon="-122.217204"><time>2025-05-20T20:09:40Z</time><speed>25.310645</speed><course>135.990005</course></trkpt>
		<trkpt lat="47.580355" lon="-122.216976"><time>2025-05-20T20:09:41Z</time><speed>25.243767</speed><course>136.169998</course></trkpt>
		<trkpt lat="47.580192" lon="-122.216748"><time>2025-05-20T20:09:42Z</time><speed>25.176889</speed><course>136.550003</course></trkpt>
		<trkpt lat="47.580037" lon="-122.216520"><time>2025-05-20T20:09:43Z</time><speed>23.813613</speed><course>135.410004</course></trkpt>
		<trkpt lat="47.579883" lon="-122.216292"><time>2025-05-20T20:09:44Z</time><speed>23.674713</speed><course>134.380005</course></trkpt>
		<trkpt lat="47.579744" lon="-122.216064"><time>2025-05-20T20:09:45Z</time><speed>23.546102</speed><course>131.649994</course></trkpt>
		<trkpt lat="47.579606" lon="-122.215820"><time>2025-05-20T20:09:46Z</time><speed>23.402058</speed><course>129.369995</course></trkpt>
		<trkpt lat="47.579476" lon="-122.215576"><time>2025-05-20T20:09:47Z</time><speed>23.715868</speed><course>125.680000</course></trkpt>
		<trkpt lat="47.579354" lon="-122.215316"><time>2025-05-20T20:09:48Z</time><speed>23.962802</speed><course>123.639999</course></trkpt>
		<trkpt lat="47.579232" lon="-122.215039"><time>2025-05-20T20:09:49Z</time><speed>24.322912</speed><course>121.650002</course></trkpt>
		<trkpt lat="47.579126" lon="-122.214762"><time>2025-05-20T20:09:50Z</time><speed>24.785912</speed><course>119.360001</course></trkpt>
		<trkpt lat="47.579020" lon="-122.214469"><time>2025-05-20T20:09:51Z</time><speed>25.279778</speed><course>116.989998</course></trkpt>
		<trkpt lat="47.578923" lon="-122.214160"><time>2025-05-20T20:09:52Z</time><speed>25.562722</speed><course>114.529999</course></trkpt>
		<trkpt lat="47.578833" lon="-122.213851"><time>2025-05-20T20:09:53Z</time><speed>25.758211</speed><course>112.529999</course></trkpt>
		<trkpt lat="47.578743" lon="-122.213525"><time>2025-05-20T20:09:54Z</time><speed>25.886822</speed><course>110.250000</course></trkpt>
		<trkpt lat="47.578670" lon="-122.213200"><time>2025-05-20T20:09:55Z</time><speed>25.084289</speed><course>108.300003</course></trkpt>
		<trkpt lat="47.578597" lon="-122.212891"><time>2025-05-20T20:09:56Z</time><speed>25.567867</speed><course>108.720001</course></trkpt>
		<trkpt lat="47.578540" lon="-122.212581"><time>2025-05-20T20:09:57Z</time><speed>24.400079</speed><course>105.970001</course></trkpt>
		<trkpt lat="47.578491" lon="-122.212256"><time>2025-05-20T20:09:58Z</time><speed>24.384646</speed><course>103.309998</course></trkpt>
		<trkpt lat="47.578442" lon="-122.211947"><time>2025-05-20T20:09:59Z</time><speed>24.178868</speed><course>101.800003</course></trkpt>
		<trkpt lat="47.578394" lon="-122.211637"><time>2025-05-20T20:10:00Z</time><speed>23.947368</speed><course>101.629997</course></trkpt>
		<trkpt lat="47.578353" lon="-122.211328"><time>2025-05-20T20:10:01Z</time><speed>23.638702</speed><course>101.250000</course></trkpt>
		<trkpt lat="47.578312" lon="-122.211019"><time>2025-05-20T20:10:02Z</time><speed>23.427780</speed><course>101.260002</course></trkpt>
		<trkpt lat="47.578271" lon="-122.210710"><time>2025-05-20T20:10:03Z</time><speed>23.258013</speed><course>101.559998</course></trkpt>
		<trkpt lat="47.578239" lon="-122.210417"><time>2025-05-20T20:10:04Z</time><speed>23.232291</speed><course>101.669998</course></trkpt>
		<trkpt lat="47.578198" lon="-122.210107"><time>2025-05-20T20:10:05Z</time><speed>23.216858</speed><course>101.570000</course></trkpt>
		<trkpt lat="47.578158" lon="-122.209798"><time>2025-05-20T20:10:06Z</time><speed>23.324891</speed><course>101.169998</course></trkpt>
		<trkpt lat="47.578117" lon="-122.209489"><time>2025-05-20T20:10:07Z</time><speed>23.438069</speed><course>101.220001</course></trkpt>
		<trkpt lat="47.578068" lon="-122.209180"><time>2025-05-20T20:10:08Z</time><speed>23.427780</speed><course>101.089996</course></trkpt>
		<trkpt lat="47.578027" lon="-122.208887"><time>2025-05-20T20:10:09Z</time><speed>23.561535</speed><course>101.180000</course></trkpt>
		<trkpt lat="47.577987" lon="-122.208577"><time>2025-05-20T20:10:10Z</time><speed>23.556391</speed><course>101.470001</course></trkpt>
		<trkpt lat="47.577946" lon="-122.208252"><time>2025-05-20T20:10:11Z</time><speed>23.612980</speed><course>101.519997</course></trkpt>
		<trkpt lat="47.577897" lon="-122.207943"><time>2025-05-20T20:10:12Z</time><speed>23.648991</speed><course>101.339996</course></trkpt>
		<trkpt lat="47.577856" lon="-122.207633"><time>2025-05-20T20:10:13Z</time><speed>23.659280</speed><course>101.279999</course></trkpt>
		<trkpt lat="47.577816" lon="-122.207324"><time>2025-05-20T20:10:14Z</time><speed>23.664424</speed><course>101.839996</course></trkpt>
		<trkpt lat="47.577775" lon="-122.207015"><time>2025-05-20T20:10:15Z</time><speed>23.654135</speed><course>101.019997</course></trkpt>
		<trkpt lat="47.577743" lon="-122.206706"><time>2025-05-20T20:10:16Z</time><speed>23.669568</speed><course>98.970001</course></trkpt>
		<trkpt lat="47.577718" lon="-122.206396"><time>2025-05-20T20:10:17Z</time><speed>23.206569</speed><course>96.739998</course></trkpt>
		<trkpt lat="47.577694" lon="-122.206087"><time>2025-05-20T20:10:18Z</time><speed>23.041947</speed><course>94.650002</course></trkpt>
		<trkpt lat="47.577686" lon="-122.205778"><time>2025-05-20T20:10:19Z</time><speed>23.021369</speed><course>92.660004</course></trkpt>
		<trkpt lat="47.577686" lon="-122.205469"><time>2025-05-20T20:10:20Z</time><speed>22.795014</speed><course>89.959999</course></trkpt>
		<trkpt lat="47.577694" lon="-122.205176"><time>2025-05-20T20:10:21Z</time><speed>22.800158</speed><course>87.879997</course></trkpt>
		<trkpt lat="47.577710" lon="-122.204867"><time>2025-05-20T20:10:22Z</time><speed>22.686980</speed><course>85.949997</course></trkpt>
		<trkpt lat="47.577726" lon="-122.204574"><time>2025-05-20T20:10:23Z</time><speed>22.666403</speed><course>83.440002</course></trkpt>
		<trkpt lat="47.577759" lon="-122.204264"><time>2025-05-20T20:10:24Z</time><speed>22.666403</speed><course>81.070000</course></trkpt>
		<trkpt lat="47.577791" lon="-122.203971"><time>2025-05-20T20:10:25Z</time><speed>22.800158</speed><course>78.739998</course></trkpt>
		<trkpt lat="47.577840" lon="-122.203662"><time>2025-05-20T20:10:26Z</time><speed>22.928769</speed><course>77.129997</course></trkpt>
		<trkpt lat="47.577889" lon="-122.203369"><time>2025-05-20T20:10:27Z</time><speed>23.067669</speed><course>75.309998</course></trkpt>
		<trkpt lat="47.577946" lon="-122.203076"><time>2025-05-20T20:10:28Z</time><speed>23.216858</speed><course>72.720001</course></trkpt>
		<trkpt lat="47.578019" lon="-122.202783"><time>2025-05-20T20:10:29Z</time><speed>23.252869</speed><course>69.580002</course></trkpt>
		<trkpt lat="47.578101" lon="-122.202490"><time>2025-05-20T20:10:30Z</time><speed>23.314602</speed><course>67.839996</course></trkpt>
		<trkpt lat="47.578174" lon="-122.202197"><time>2025-05-20T20:10:31Z</time><speed>23.468935</speed><course>68.699997</course></trkpt>
		<trkpt lat="47.578255" lon="-122.201904"><time>2025-05-20T20:10:32Z</time><speed>23.576969</speed><course>69.019997</course></trkpt>
		<trkpt lat="47.578337" lon="-122.201611"><time>2025-05-20T20:10:33Z</time><speed>23.679857</speed><course>69.040001</course></trkpt>
		<trkpt lat="47.578410" lon="-122.201318"><time>2025-05-20T20:10:34Z</time><speed>23.715868</speed><course>69.029999</course></trkpt>
		<trkpt lat="47.578491" lon="-122.201025"><time>2025-05-20T20:10:35Z</time><speed>23.798179</speed><course>69.430000</course></trkpt>
		<trkpt lat="47.578564" lon="-122.200732"><time>2025-05-20T20:10:36Z</time><speed>23.885635</speed><course>69.860001</course></trkpt>
		<trkpt lat="47.578638" lon="-122.200423"><time>2025-05-20T20:10:37Z</time><speed>23.916502</speed><course>70.220001</course></trkpt>
		<trkpt lat="47.578711" lon="-122.200130"><time>2025-05-20T20:10:38Z</time><speed>23.952513</speed><course>69.989998</course></trkpt>
		<trkpt lat="47.578792" lon="-122.199821"><time>2025-05-20T20:10:39Z</time><speed>24.091413</speed><course>69.870003</course></trkpt>
		<trkpt lat="47.578866" lon="-122.199528"><time>2025-05-20T20:10:40Z</time><speed>24.199446</speed><course>70.059998</course></trkpt>
		<trkpt lat="47.578939" lon="-122.199219"><time>2025-05-20T20:10:41Z</time><speed>24.225168</speed><course>70.260002</course></trkpt>
		<trkpt lat="47.579012" lon="-122.198926"><time>2025-05-20T20:10:42Z</time><speed>24.266323</speed><course>70.139999</course></trkpt>
		<trkpt lat="47.579093" lon="-122.198617"><time>2025-05-20T20:10:43Z</time><speed>24.384646</speed><course>69.650002</course></trkpt>
		<trkpt lat="47.579167" lon="-122.198307"><time>2025-05-20T20:10:44Z</time><speed>23.931935</speed><course>69.470001</course></trkpt>
		<trkpt lat="47.579240" lon="-122.198014"><time>2025-05-20T20:10:45Z</time><speed>24.106846</speed><course>69.120003</course></trkpt>
		<trkpt lat="47.579313" lon="-122.197738"><time>2025-05-20T20:10:46Z</time><speed>22.223981</speed><course>68.870003</course></trkpt>
		<trkpt lat="47.579386" lon="-122.197477"><time>2025-05-20T20:10:47Z</time><speed>21.730115</speed><course>68.910004</course></trkpt>
		<trkpt lat="47.579460" lon="-122.197201"><time>2025-05-20T20:10:48Z</time><speed>21.457459</speed><course>69.279999</course></trkpt>
		<trkpt lat="47.579525" lon="-122.196940"><time>2025-05-20T20:10:49Z</time><speed>21.359715</speed><course>69.900002</course></trkpt>
		<trkpt lat="47.579590" lon="-122.196663"><time>2025-05-20T20:10:50Z</time><speed>21.714681</speed><course>72.150002</course></trkpt>
		<trkpt lat="47.579647" lon="-122.196387"><time>2025-05-20T20:10:51Z</time><speed>21.117926</speed><course>75.519997</course></trkpt>
		<trkpt lat="47.579687" lon="-122.196094"><time>2025-05-20T20:10:52Z</time><speed>22.975069</speed><course>78.860001</course></trkpt>
		<trkpt lat="47.579720" lon="-122.195785"><time>2025-05-20T20:10:53Z</time><speed>23.330035</speed><course>81.870003</course></trkpt>
		<trkpt lat="47.579744" lon="-122.195475"><time>2025-05-20T20:10:54Z</time><speed>23.021369</speed><course>85.070000</course></trkpt>
		<trkpt lat="47.579761" lon="-122.195166"><time>2025-05-20T20:10:55Z</time><speed>23.324891</speed><course>87.989998</course></trkpt>
		<trkpt lat="47.579761" lon="-122.194873"><time>2025-05-20T20:10:56Z</time><speed>22.712703</speed><course>91.070000</course></trkpt>
		<trkpt lat="47.579744" lon="-122.194564"><time>2025-05-20T20:10:57Z</time><speed>22.743569</speed><course>93.919998</course></trkpt>
		<trkpt lat="47.579728" lon="-122.194271"><time>2025-05-20T20:10:58Z</time><speed>22.707558</speed><course>96.940002</course></trkpt>
		<trkpt lat="47.579696" lon="-122.193962"><time>2025-05-20T20:10:59Z</time><speed>22.630392</speed><course>100.279999</course></trkpt>
		<trkpt lat="47.579655" lon="-122.193685"><time>2025-05-20T20:11:00Z</time><speed>21.956470</speed><course>103.230003</course></trkpt>
		<trkpt lat="47.579598" lon="-122.193392"><time>2025-05-20T20:11:01Z</time><speed>22.069648</speed><course>106.070000</course></trkpt>
		<trkpt lat="47.579541" lon="-122.193115"><time>2025-05-20T20:11:02Z</time><speed>21.884448</speed><course>106.980003</course></trkpt>
		<trkpt lat="47.579484" lon="-122.192839"><time>2025-05-20T20:11:03Z</time><speed>21.863870</speed><course>107.370003</course></trkpt>
		<trkpt lat="47.579427" lon="-122.192562"><time>2025-05-20T20:11:04Z</time><speed>21.704392</speed><course>107.279999</course></trkpt>
		<trkpt lat="47.579362" lon="-122.192285"><time>2025-05-20T20:11:05Z</time><speed>21.647804</speed><course>107.389999</course></trkpt>
		<trkpt lat="47.579305" lon="-122.192008"><time>2025-05-20T20:11:06Z</time><speed>21.519193</speed><course>107.199997</course></trkpt>
		<trkpt lat="47.579240" lon="-122.191732"><time>2025-05-20T20:11:07Z</time><speed>21.822714</speed><course>106.519997</course></trkpt>
		<trkpt lat="47.579191" lon="-122.191455"><time>2025-05-20T20:11:08Z</time><speed>21.673526</speed><course>105.010002</course></trkpt>
		<trkpt lat="47.579142" lon="-122.191162"><time>2025-05-20T20:11:09Z</time><speed>22.645825</speed><course>102.510002</course></trkpt>
		<trkpt lat="47.579102" lon="-122.190853"><time>2025-05-20T20:11:10Z</time><speed>22.609814</speed><course>99.949997</course></trkpt>
		<trkpt lat="47.579069" lon="-122.190560"><time>2025-05-20T20:11:11Z</time><speed>22.573803</speed><course>96.830002</course></trkpt>
		<trkpt lat="47.579045" lon="-122.190267"><time>2025-05-20T20:11:12Z</time><speed>22.609814</speed><course>95.360001</course></trkpt>
		<trkpt lat="47.579036" lon="-122.189958"><time>2025-05-20T20:11:13Z</time><speed>23.155124</speed><course>92.709999</course></trkpt>
		<trkpt lat="47.579028" lon="-122.189648"><time>2025-05-20T20:11:14Z</time><speed>23.422635</speed><course>90.209999</course></trkpt>
		<trkpt lat="47.579028" lon="-122.189339"><time>2025-05-20T20:11:15Z</time><speed>23.705580</speed><course>87.959999</course></trkpt>
		<trkpt lat="47.579045" lon="-122.189014"><time>2025-05-20T20:11:16Z</time><speed>24.142857</speed><course>86.239998</course></trkpt>
		<trkpt lat="47.579053" lon="-122.188704"><time>2025-05-20T20:11:17Z</time><speed>24.137712</speed><course>86.680000</course></trkpt>
		<trkpt lat="47.579069" lon="-122.188363"><time>2025-05-20T20:11:18Z</time><speed>24.991690</speed><course>85.290001</course></trkpt>
		<trkpt lat="47.579093" lon="-122.188037"><time>2025-05-20T20:11:19Z</time><speed>24.816779</speed><course>85.209999</course></trkpt>
		<trkpt lat="47.579110" lon="-122.187695"><time>2025-05-20T20:11:20Z</time><speed>25.783933</speed><course>85.010002</course></trkpt>
		<trkpt lat="47.579126" lon="-122.187337"><time>2025-05-20T20:11:21Z</time><speed>26.360111</speed><course>85.239998</course></trkpt>
		<trkpt lat="47.579150" lon="-122.186995"><time>2025-05-20T20:11:22Z</time><speed>27.028888</speed><course>85.699997</course></trkpt>
		<trkpt lat="47.579167" lon="-122.186621"><time>2025-05-20T20:11:23Z</time><speed>27.646221</speed><course>85.820000</course></trkpt>
		<trkpt lat="47.579183" lon="-122.186247"><time>2025-05-20T20:11:24Z</time><speed>28.170953</speed><course>86.370003</course></trkpt>
		<trkpt lat="47.579199" lon="-122.185872"><time>2025-05-20T20:11:25Z</time><speed>28.510486</speed><course>86.889999</course></trkpt>
		<trkpt lat="47.579215" lon="-122.185498"><time>2025-05-20T20:11:26Z</time><speed>28.366442</speed><course>87.199997</course></trkpt>
		<trkpt lat="47.579224" lon="-122.185124"><time>2025-05-20T20:11:27Z</time><speed>27.831420</speed><course>86.800003</course></trkpt>
		<trkpt lat="47.579240" lon="-122.184749"><time>2025-05-20T20:11:28Z</time><speed>27.425010</speed><course>85.620003</course></trkpt>
		<trkpt lat="47.579264" lon="-122.184391"><time>2025-05-20T20:11:29Z</time><speed>26.962010</speed><course>83.669998</course></trkpt>
		<trkpt lat="47.579297" lon="-122.184033"><time>2025-05-20T20:11:30Z</time><speed>26.535022</speed><course>82.769997</course></trkpt>
		<trkpt lat="47.579321" lon="-122.183691"><time>2025-05-20T20:11:31Z</time><speed>26.180055</speed><course>82.500000</course></trkpt>
		<trkpt lat="47.579354" lon="-122.183333"><time>2025-05-20T20:11:32Z</time><speed>26.041155</speed><course>82.449997</course></trkpt>
		<trkpt lat="47.579378" lon="-122.182992"><time>2025-05-20T20:11:33Z</time><speed>26.020578</speed><course>82.570000</course></trkpt>
		<trkpt lat="47.579411" lon="-122.182650"><time>2025-05-20T20:11:34Z</time><speed>25.989711</speed><course>82.769997</course></trkpt>
		<trkpt lat="47.579435" lon="-122.182308"><time>2025-05-20T20:11:35Z</time><speed>26.005144</speed><course>82.889999</course></trkpt>
		<trkpt lat="47.579468" lon="-122.181966"><time>2025-05-20T20:11:36Z</time><speed>26.092600</speed><course>82.779999</course></trkpt>
		<trkpt lat="47.579492" lon="-122.181608"><time>2025-05-20T20:11:37Z</time><speed>26.030866</speed><course>82.519997</course></trkpt>
		<trkpt lat="47.579525" lon="-122.181266"><time>2025-05-20T20:11:38Z</time><speed>26.066877</speed><course>82.800003</course></trkpt>
		<trkpt lat="47.579557" lon="-122.180908"><time>2025-05-20T20:11:39Z</time><speed>26.102889</speed><course>83.040001</course></trkpt>
		<trkpt lat="47.579582" lon="-122.180566"><time>2025-05-20T20:11:40Z</time><speed>26.133755</speed><course>83.209999</course></trkpt>
		<trkpt lat="47.579606" lon="-122.180208"><time>2025-05-20T20:11:41Z</time><speed>26.565888</speed><course>83.589996</course></trkpt>
		<trkpt lat="47.579631" lon="-122.179850"><time>2025-05-20T20:11:42Z</time><speed>26.545310</speed><course>83.120003</course></trkpt>
		<trkpt lat="47.579663" lon="-122.179508"><time>2025-05-20T20:11:43Z</time><speed>26.535022</speed><course>82.790001</course></trkpt>
		<trkpt lat="47.579696" lon="-122.179150"><time>2025-05-20T20:11:44Z</time><speed>26.529877</speed><course>82.489998</course></trkpt>
		<trkpt lat="47.579720" lon="-122.178809"><time>2025-05-20T20:11:45Z</time><speed>26.385833</speed><course>83.239998</course></trkpt>
		<trkpt lat="47.579744" lon="-122.178451"><time>2025-05-20T20:11:46Z</time><speed>26.200633</speed><course>84.989998</course></trkpt>
		<trkpt lat="47.579753" lon="-122.178109"><time>2025-05-20T20:11:47Z</time><speed>25.783933</speed><course>87.190002</course></trkpt>
		<trkpt lat="47.579761" lon="-122.177767"><time>2025-05-20T20:11:48Z</time><speed>24.893945</speed><course>89.550003</course></trkpt>
		<trkpt lat="47.579753" lon="-122.177458"><time>2025-05-20T20:11:49Z</time><speed>23.895924</speed><course>93.500000</course></trkpt>
		<trkpt lat="47.579736" lon="-122.177132"><time>2025-05-20T20:11:50Z</time><speed>23.227147</speed><course>94.449997</course></trkpt>
		<trkpt lat="47.579720" lon="-122.176839"><time>2025-05-20T20:11:51Z</time><speed>22.707558</speed><course>95.339996</course></trkpt>
		<trkpt lat="47.579704" lon="-122.176530"><time>2025-05-20T20:11:52Z</time><speed>22.501781</speed><course>92.500000</course></trkpt>
		<trkpt lat="47.579704" lon="-122.176237"><time>2025-05-20T20:11:53Z</time><speed>22.640680</speed><course>87.790001</course></trkpt>
		<trkpt lat="47.579720" lon="-122.175928"><time>2025-05-20T20:11:54Z</time><speed>22.198259</speed><course>82.209999</course></trkpt>
		<trkpt lat="47.579761" lon="-122.175635"><time>2025-05-20T20:11:55Z</time><speed>22.404036</speed><course>73.690002</course></trkpt>
		<trkpt lat="47.579834" lon="-122.175358"><time>2025-05-20T20:11:56Z</time><speed>22.054214</speed><course>66.360001</course></trkpt>
		<trkpt lat="47.579924" lon="-122.175098"><time>2025-05-20T20:11:57Z</time><speed>21.802137</speed><course>58.180000</course></trkpt>
		<trkpt lat="47.580029" lon="-122.174854"><time>2025-05-20T20:11:58Z</time><speed>21.658092</speed><course>55.360001</course></trkpt>
		<trkpt lat="47.580160" lon="-122.174642"><time>2025-05-20T20:11:59Z</time><speed>21.606648</speed><course>48.130001</course></trkpt>
		<trkpt lat="47.580298" lon="-122.174447"><time>2025-05-20T20:12:00Z</time><speed>21.519193</speed><course>43.299999</course></trkpt>
		<trkpt lat="47.580461" lon="-122.174268"><time>2025-05-20T20:12:01Z</time><speed>21.786703</speed><course>37.230000</course></trkpt>
		<trkpt lat="47.580648" lon="-122.174154"><time>2025-05-20T20:12:02Z</time><speed>22.352592</speed><course>22.940001</course></trkpt>
		<trkpt lat="47.580876" lon="-122.174072"><time>2025-05-20T20:12:03Z</time><speed>22.728136</speed><course>11.110000</course></trkpt>
		<trkpt lat="47.581095" lon="-122.174072"><time>2025-05-20T20:12:04Z</time><speed>23.021369</speed><course>359.709991</course></trkpt>
		<trkpt lat="47.581315" lon="-122.174105"><time>2025-05-20T20:12:05Z</time><speed>23.407202</speed><course>351.470001</course></trkpt>
		<trkpt lat="47.581535" lon="-122.174186"><time>2025-05-20T20:12:06Z</time><speed>24.055401</speed><course>343.850006</course></trkpt>
		<trkpt lat="47.581755" lon="-122.174300"><time>2025-05-20T20:12:07Z</time><speed>24.456668</speed><course>339.940002</course></trkpt>
		<trkpt lat="47.581958" lon="-122.174447"><time>2025-05-20T20:12:08Z</time><speed>25.578156</speed><course>329.690002</course></trkpt>
		<trkpt lat="47.582161" lon="-122.174626"><time>2025-05-20T20:12:09Z</time><speed>26.102889</speed><course>327.399994</course></trkpt>
		<trkpt lat="47.582365" lon="-122.174821"><time>2025-05-20T20:12:10Z</time><speed>26.447566</speed><course>325.119995</course></trkpt>
		<trkpt lat="47.582560" lon="-122.175033"><time>2025-05-20T20:12:11Z</time><speed>25.979422</speed><course>325.230011</course></trkpt>
		<trkpt lat="47.582747" lon="-122.175228"><time>2025-05-20T20:12:12Z</time><speed>26.540166</speed><course>324.839996</course></trkpt>
		<trkpt lat="47.582943" lon="-122.175439"><time>2025-05-20T20:12:13Z</time><speed>25.428967</speed><course>325.190002</course></trkpt>
		<trkpt lat="47.583130" lon="-122.175635"><time>2025-05-20T20:12:14Z</time><speed>25.583300</speed><course>325.109985</course></trkpt>
		<trkpt lat="47.583325" lon="-122.175830"><time>2025-05-20T20:12:15Z</time><speed>25.969133</speed><course>324.920013</course></trkpt>
		<trkpt lat="47.583521" lon="-122.176025"><time>2025-05-20T20:12:16Z</time><speed>26.133755</speed><course>325.089996</course></trkpt>
		<trkpt lat="47.583708" lon="-122.176221"><time>2025-05-20T20:12:17Z</time><speed>25.835378</speed><course>325.309998</course></trkpt>
		<trkpt lat="47.583903" lon="-122.176416"><time>2025-05-20T20:12:18Z</time><speed>25.490700</speed><course>325.470001</course></trkpt>
		<trkpt lat="47.584090" lon="-122.176611"><time>2025-05-20T20:12:19Z</time><speed>25.104867</speed><course>326.299988</course></trkpt>
		<trkpt lat="47.584285" lon="-122.176807"><time>2025-05-20T20:12:20Z</time><speed>24.837356</speed><course>327.179993</course></trkpt>
		<trkpt lat="47.584473" lon="-122.176986"><time>2025-05-20T20:12:21Z</time><speed>24.528690</speed><course>327.519989</course></trkpt>
		<trkpt lat="47.584660" lon="-122.177148"><time>2025-05-20T20:12:22Z</time><speed>24.538979</speed><course>327.760010</course></trkpt>
		<trkpt lat="47.584847" lon="-122.177327"><time>2025-05-20T20:12:23Z</time><speed>24.641868</speed><course>328.089996</course></trkpt>
		<trkpt lat="47.585042" lon="-122.177507"><time>2025-05-20T20:12:24Z</time><speed>24.857934</speed><course>328.089996</course></trkpt>
		<trkpt lat="47.585229" lon="-122.177686"><time>2025-05-20T20:12:25Z</time><speed>25.161456</speed><course>327.959991</course></trkpt>
		<trkpt lat="47.585425" lon="-122.177865"><time>2025-05-20T20:12:26Z</time><speed>25.392956</speed><course>327.470001</course></trkpt>
		<trkpt lat="47.585620" lon="-122.178044"><time>2025-05-20T20:12:27Z</time><speed>25.269489</speed><course>327.440002</course></trkpt>
		<trkpt lat="47.585807" lon="-122.178223"><time>2025-05-20T20:12:28Z</time><speed>25.413534</speed><course>327.839996</course></trkpt>
		<trkpt lat="47.586003" lon="-122.178402"><time>2025-05-20T20:12:29Z</time><speed>25.480411</speed><course>328.799988</course></trkpt>
		<trkpt lat="47.586198" lon="-122.178564"><time>2025-05-20T20:12:30Z</time><speed>25.362089</speed><course>330.549988</course></trkpt>
		<trkpt lat="47.586401" lon="-122.178727"><time>2025-05-20T20:12:31Z</time><speed>25.382667</speed><course>332.679993</course></trkpt>
		<trkpt lat="47.586605" lon="-122.178874"><time>2025-05-20T20:12:32Z</time><speed>25.392956</speed><course>334.970001</course></trkpt>
		<trkpt lat="47.586808" lon="-122.179004"><time>2025-05-20T20:12:33Z</time><speed>25.392956</speed><course>337.359985</course></trkpt>
		<trkpt lat="47.587020" lon="-122.179134"><time>2025-05-20T20:12:34Z</time><speed>25.356945</speed><course>340.019989</course></trkpt>
		<trkpt lat="47.587240" lon="-122.179232"><time>2025-05-20T20:12:35Z</time><speed>25.074001</speed><course>342.690002</course></trkpt>
		<trkpt lat="47.587451" lon="-122.179329"><time>2025-05-20T20:12:36Z</time><speed>25.084289</speed><course>344.649994</course></trkpt>
		<trkpt lat="47.587671" lon="-122.179411"><time>2025-05-20T20:12:37Z</time><speed>25.166600</speed><course>345.649994</course></trkpt>
		<trkpt lat="47.587891" lon="-122.179492"><time>2025-05-20T20:12:38Z</time><speed>25.259200</speed><course>346.829987</course></trkpt>
		<trkpt lat="47.588118" lon="-122.179574"><time>2025-05-20T20:12:39Z</time><speed>25.398100</speed><course>348.269989</course></trkpt>
		<trkpt lat="47.588338" lon="-122.179639"><time>2025-05-20T20:12:40Z</time><speed>25.310645</speed><course>349.220001</course></trkpt>
		<trkpt lat="47.588574" lon="-122.179688"><time>2025-05-20T20:12:41Z</time><speed>25.933122</speed><course>350.160004</course></trkpt>
		<trkpt lat="47.588810" lon="-122.179753"><time>2025-05-20T20:12:42Z</time><speed>26.025722</speed><course>350.410004</course></trkpt>
		<trkpt lat="47.589038" lon="-122.179801"><time>2025-05-20T20:12:43Z</time><speed>25.891967</speed><course>350.200012</course></trkpt>
		<trkpt lat="47.589266" lon="-122.179867"><time>2025-05-20T20:12:44Z</time><speed>25.655322</speed><course>349.880005</course></trkpt>
		<trkpt lat="47.589494" lon="-122.179932"><time>2025-05-20T20:12:45Z</time><speed>25.634745</speed><course>349.910004</course></trkpt>
		<trkpt lat="47.589722" lon="-122.179980"><time>2025-05-20T20:12:46Z</time><speed>25.593589</speed><course>349.929993</course></trkpt>
		<trkpt lat="47.589950" lon="-122.180046"><time>2025-05-20T20:12:47Z</time><speed>25.547289</speed><course>349.899994</course></trkpt>
		<trkpt lat="47.590177" lon="-122.180094"><time>2025-05-20T20:12:48Z</time><speed>25.464978</speed><course>350.380005</course></trkpt>
		<trkpt lat="47.590405" lon="-122.180160"><time>2025-05-20T20:12:49Z</time><speed>25.428967</speed><course>350.450012</course></trkpt>
		<trkpt lat="47.590625" lon="-122.180208"><time>2025-05-20T20:12:50Z</time><speed>25.403245</speed><course>350.579987</course></trkpt>
		<trkpt lat="47.590853" lon="-122.180273"><time>2025-05-20T20:12:51Z</time><speed>25.269489</speed><course>350.920013</course></trkpt>
		<trkpt lat="47.591081" lon="-122.180322"><time>2025-05-20T20:12:52Z</time><speed>25.310645</speed><course>351.600006</course></trkpt>
		<trkpt lat="47.591309" lon="-122.180371"><time>2025-05-20T20:12:53Z</time><speed>25.891967</speed><course>352.510010</course></trkpt>
		<trkpt lat="47.591545" lon="-122.180420"><time>2025-05-20T20:12:54Z</time><speed>26.426988</speed><course>353.730011</course></trkpt>
		<trkpt lat="47.591789" lon="-122.180452"><time>2025-05-20T20:12:55Z</time><speed>26.874555</speed><course>355.019989</course></trkpt>
		<trkpt lat="47.592025" lon="-122.180469"><time>2025-05-20T20:12:56Z</time><speed>26.884843</speed><course>356.510010</course></trkpt>
	</trkseg></trk>
</gpx>
